Representative,Chimeric.Count,Chimeric.Percentage,Enriched1.Count,Enriched1.Percentage,Ratio_En1Chim,Sequence
AAV.102159,42,0.58,34,3.3,5.69,ATGTCTTTTGTCGATCACCCTCCAGATTGGTTGGAAGAAGTTGGCGAAGGTCTTCGCGAGTTTTTGGGCCTCGAAGCGGGCCCACCGAAACCAAAACCCAATCAGCAGCATCAAGATCAAGCCCGTGGTCTTGTGCTGCCTGGTTACAACTATCTCGGACCCGGAAACGGTCTCGATCGAGGAGAGCCTGTCAACAGGGCAGACGAGGTCGCGCGAGAGCACGACATCTCGTACAACGAGCAGCTCGAGGCGGGAGACAACCCCTACCTCAAGTACAACCACGCGGACGCCGAGTTTCAGGAGAAGCTCGCCGACGACACATCCTTCGGGGGAAACCTCGGAAAGGCAGTCTTTCAGGCCAAGAAAAGGGTTCTCGAACCTTTTGGCCTGGTCGAAGAGGGTGCCAAGACGGCCCCTACCGGAAAGCGGACAGACGACCACTTTCCAAAAAGAAAGAAGGCTCGGACCGAAGAGGACTCCAAGCCTTCCACCTCGTCAGACGCCGAAGCTGGACCCAGCGGATCCCAGCAGCTGCAAATCCCAGCCCAACCAGCCTCCAGGTCTGGGACCCAATACAATGGCTTCAGGCGGTGGCGCTCCAATGGCAGACAACAACGAAGGCGCCGACGGAGTGGGCAATTCCTCGGGAAATTGGCATTGCGATTCCACATGGCTGGGGGACAGAGTCATCACCACCAGCACCCGAACCTGGGCCCTGCCCACCTACAACAACCACCTCTACAAGCAAATCTCCAACGGCACCTCGGGAGGAAGCACCAACGACAACACCTATTTTGGCTACAGCACCCCCTGGGGGTATTTCGACTTCAACAGATTCCACTGTCACTTTTCACCACGCGACTGGCAACGACTCATCAACAACAATTGGGGATTCCGGCCCAAAAGACTCAACTTCAAGCTGTTCAACATCCAGGTCAAGGAAGTCACGACGAACGAACGGTACGACGACGATTGCCAACAACCTTACCAGCACGGTTCAGGTGTTTACCGACTCCGAGTACCAGCTCCCGTACGTCCTCGGCTCGGCGCATCAGGGATGCCTCCCGCCGTTCCCAGCAGACGTCTTCATGGTCCCACAGTATGGATACCTCACCCCGAACAACGGGAGTCAGGCGGCAGGACGCTCTTCCATTTTACTGCCTGGAGTACTTTCCTTCTCAGATGCTGCGTACCGGAAACAACTTTACCTTCAGCTACACTTTCGAGGACGTTCCTTTCCACAGCAGCTACGCTCACAGCCAGAGTCTGGACCGTCTCACGAATCCTCTCATCGACCAGTACCTGTATTACTCGAGCAGAACAAACACTCCAAGTGGAACCACCACGCAGTCAAGGCTTCAGTTTTCTCAGGCCGGAGCGAGCGACATTCGGGACCAGTCCAGGAACTGGCTTCCTGGACCCTGTTACCGCCAGCAGCGAGTATCAAAGACATCTGCGGACAACAACAACAGCGAATACTCGTGGACTGGAGCTACCAAGTACCACCTCAATGGCAGAGACTCTCTGGCGAATCCGGGCCCGGCCATGGCAAGCCACAAGGACGACGAAGAAAAGTTTTTTCCTCAGAGCGGGGTTCTCATCTTTGGGAAGCAAGGCTCAGAGAAAACAAATGTGGACATCGAAAAGGTCACGATTACAGACGAAGAGGAAATCAGGACAACCAATCCCGTGGCTACGGAGCAGTATGGTTCTGTATCTACTCAATCTCCAGAGCAGCAGCACAGACCCTGCGACCGGAGATGTGCATGTTATGGGAGCCTTACCTGGAATGGTGTGGCAAGACAGAGACGTATACCTGCAGGGGTCCCATCTGGGCCAAAATTCCTCACACGGACGGCAACTTTCACCCGTCTCCCCCGATGGGCGGCTTTGGACCGAAGCACCCGCCTCCTCAAATTCTCATCAAGAACACACCGGTTCCAGCGGACCCGCCGCTTACCTTCAACCAGGCCAAGCCGAACTCTTTCATCACGCAGTACAGCACCGGACAGGTCAGCGTGGAAATCGAGTGGGAGCTGCAGAAAGAAAACAGCAAACGCTGGAATCCAGAGATTCAATACACTTCCAACTACTACAAATCTACAAATGTGGACTTTGCTGTCAACACGGAGGGGGTTTACAGCGAGCCTCGCCCCATTGGCACCCGTTACCTCACCCGCAACCTAA
AAV.103109,42,0.58,23,2.23,3.84,ATGGCTGCCGATGGTTATCTTCCAGATTGGCTCGAGGACACTCTCTCCGAAGGAACAAGACAGTGGTGGAAGCTCAAACCTGGCCCACCACCACCAAAGCCCGCAGAGCGGCACAAGGACGACAGCAGGGGTCTTGTGCTTCCTGGGTACAAGTACCTCGGACCCTTCAACGGACTCGACAAGGGAGAGCCGGTCAACGAGGCAGACGCCGCGGCCCTCGAGCACGACAAAGCCTACGACCGGCAGCTCGACAGCGGAGACAACCCGTACCTCAAGTACAACCACGCCGACGCGGAGTTTTCAGGAGCGTCTGCAAGAAGATACGTCTTTTGGGGGCAACCTCGGGCGAGCAGTCTTCCAGGCCAAGAAGCGGGTTCTCGAACCTCTCGGTCTGGTCGAGGAAGGCGCCAAGACGGCTCCTGGAAAGAAGAGACCGGCAGAGCAGTCGCCACAAGAGCCAGACTCCTCCTCGGGCATCGGCAAGACAGGCCAGCAGCCCGCCAAAAAGAGACTCAATTTTGGTCAGACTGGCGACTCAGAGTCAGTCCCCGACCCACAACCTCTCGGAGAACCTCCAGCAGCCCCCTCAGGTCTGGGACCCAATACAATGGCTTCAGGCGGTGGCGCTCCAATGGCAGACAACAACGAAGGCGCCGACGGAGTGGGCAATTCCTCGGGAAATTGGCATTTGCGATTCCACATGGCTGGGCGACAGAGTCATCACCACCAGCACCCGAACCTGGGCCCTGCCCACCTACAACAACCACCTCTACAAGCAAATCTCCAACGGGACATCGGGAGGAGCCACCAACGACAACACCTACTTCGGCTACAGCACCCCCTGGGGGTATTTCGACTTCAACAGATTCCACTGCCACTTTTCACCACGCGACTGGCAGCGACTCATCAACAACAACTGGGGATTCCGGCCCAAGAGACTCAGCTTCAAGCTCTTCAACATCCAGGTCAAGGAGGTCACGCAGAACGAAGGCACCAAGACCATCGCCAACAACCTCACCAGCACCATCCAGGTGTTTACGGACTCGGAGTACCAGCTGCCGTACGTTCTCGGCTCTGCCCACCAGGGCTGCCTGCCTCCGTTCCCGGCGGACGTGTTCACGATTCCCCAGTACGGCTACCCAACACTCAACAACGGCAGTCAGGCCGTGGGACGCTCCTCCTTCTACTGCCTGGAATACTTTCCTTCGCAGATGCCGAGAACCGGCAACAACTTCCAGTTTACTTACACCTTCGAGGACGTGCCTTTCCACAGCAGCTACGCCCACAGCCAGAGCTTGGACCGGCCGACGAATCCTCCGATCGACCAGTACCTGTACTACTTGTCTCGGACTCAAACAACAGGAGGCACGGCAAACAAACAAGGACTTGCTGTTCAGCCGGGGGTCTCCAGCTGGCATGTCTGTTCAGCCCAAAAACTGGCTACCTGGACCCTGTTACCGGCAGCAGCGCGTTTCCAAAACAAAAACAGACAACAACAACAGCAACTTTACCTGGACTGGTGCTTCAAAATACAACCTCAATGGGCGCGAATCTACAATCAACCCTGGCACTGCTATGGCCTCACACAAAGACGACAAAGACAAGTTCTTTCCCACGAGCGGTGTCACGATTTTTGGAAAGGAGAGCGCCGGGGAACGATGGAGTGGATTACAGCCAAGTGCCGATTACAGACGAGGAAGAAATCAAGGCTACCAACCCCGTGGCCACAGAAGAATATGGAGCAGTGGCCATCAACAACCAGGCCGCCAATACGCAGGCGCAGACCGGACTCGTGCACAACCAGGGGGCGATTCCCGGCATGGTGTGGCAGAACAGAGACGTGTACCTGCAGGGGTCCCATCTGGGCCAAGATTCCTCACACGGATGGCAACTTTCACCCGTCTCCTTCGATGGGCGGCTTTGGACTCAAACATCCGCCTCCTCAGATCCCGATCAAGAACACTCCCGTTCCCGCCAATCCTCCGGAGGTGTTTACTCCTGCCAAGTTTGCTTCGTTCATCACACAGTACAGCACCGGACAAGTCAGCGTGGAAATCGAGTGGGAGCTGCAGAAGGAAAACAGCAAGCGCTGGAACCCGGAGATTCAGTACACCTCCAACTTCGAAAAGCAGACTGGTGTGGACTTTGCCGTCGACAGCCAGGGTGTTTACTCCGAGCCTCGCCCTATTGGCACTCGTTACCTCACCCGCAATCTAA
AAV.100498,132,1.82,70,6.79,3.73,ATGGCTGCCGATGGTTATCTTCCAGATTGGCTCGAGGACACTCTCTCCGAAGGAACAAGACAGTGGTGGAAGCTCAAACCTGGCCCACCACCACCAAAGCCCGCAGAGCGGCACAAGGACGACAGCAGGGGTCTTGTGCTTCCTGGGTACAAGTACCTCGGACCCTTCAACGGACTCGACAAGGGAGAGCCGGTCAACGAGGCAGACGCCGCGGCCCTCGAGCACGACAAAGCCTACGACCGGCAGCTCGACAGCGGAGACAACCCGTACCTCAAGTACAACCACGCCGACGCGGAGTTTCAGGAGCGCCTCAAAGAAGATACGTCTTTTGGGGGCAACCTCGGACGAGCAGTCTTCCAGGCGAAAAAGAGGGTTCTCGAACCTCTGGGCCTGGTCGAGGAACCTGTCAAGACGGCTCCGGGAAAAAAGAGGCCGGCAGAGCACTCTCCTGTGGAGCCAGACTCCTCCTCGGGAACCGGAAAGGCGGGCCAGCAGCCCCGCCAAAAAGAGACTCAATTTTGGTCAGACTGGCGACTCAGAGTCAGTCCCCGATCCACAACCTCTCGGAGAACCTCCAGCAACCCCCGCTGCTGTGGGACCTACTACAATGGCTTCAGGCGGTGGCGCACCAATGGCAGACAACAACGAAGGCGCCGACGGAGTGGGCAATGCCTCAGGAAATTGGCATTGCGATTCCACATGGCTGGGCGACAGAGTCATCACCACCAGCACCCGCACCTGGGCCTTGCCCACCTACAACAACCACCTCTACAAGCAAATCTCCAGTGCTTCAACGGGGGCCAGCAACGACAACCACTACTTCGGCTACAGCACCCCCTGGGGGTATTTCGATTTCAACAGATTCCACTGCCACTTTTCACCACGCGACTGGCAGCGACTCATCAACAACAATTGGGGATTCCGGCCCAAGAGACTCAACTTCAAACTCTTCAACATCCAAGTCAAGGAGGTCACGACGAACGATGGCGTCACAACCATCGCCAACAACCTTACCAGCACGGTTCAAGTCTTCTCGGACTCGGAGTACCAGCTTCCGTACGTCCTCGGCTCTGCGCACCAGGGCTTGCCTCCCGCCGTTCCCAGCAGACGTCTTCATGGTGCCACAGTATGGATACCTCACCCCGAACAACGGGAGTCAGGCAGCAGGACGCTCTTCATTTTACTGCCTGGAGTACTTTCCTTCTCAGATGCTGCGTACCGGAAACAACTTTACCTTCAGCTACACTTTCGAGGACGTTCCTTTCCACAGCAGCTACCGCACACAGCCAGAGCCTGGACCGGCCGACGAATCCCCTCATCGACCAGTACTTGTACTACCTGGCCAGAACACAGAGCAACCCAGGAGGCACAGCTGGCACAGTCTCGGCTACTGTTCAGCCAAGCTGGACCCACCAGTATGTCTCTTCAAGCCAAAAACTGGCTGCCTGGACCTTGCTACAGACAGCAGCGTCTGTCAAAGCAGGCAAACGACAACAACAACAGCAACTTTCCCTGGACTGGTGCCACCAAATATCATCCGAATGGCCGGGACTCATTGGCGAACCCGGGCCCTGCTATGGCCAGTCACAAGGACGACAAAGAAAAGTTTTTCCCCATGCATGGAACCCCGATATTTGGCAAAGAAGGAACAAAATGCCAACAACGCGGATTTGGAAAATGTCACGATTACAGACGAAGAAGAAATCCGCACCACCAATCCCGTGGCTACGGAGCAGTACGGGACTGTGTCAAACAATTTGCAAAACTCAAACGCTGGTCCAACTACTGGAACTGTCAATCACCAAGGAGCGTTACCTGGTATGGTGTGGCAGGATCGAGACGTGTACCTGCAGGGACCCATTTGGGCCAAGATTCCTCACACCGATGGACACTTTCATCCTTCTCCACCGATGGGAGGTTTTGGGCTCAAACACCCGCCTCCTCAGATCACGATCAAAAACACTCCCGTTCCAGCCAATCCTCCCACAAACTTCAGTGCGGCAAAGTTTGCTTCCTTCATCACACAGTACTCCACGGGGCAGGTCAGCGTGGAAGATCGAGTGGGAGCTGCAGAAGGAAAACAGCAAGCGCTGGAACCCGGAGATCCAGTACACTTCCAACTATTACAAGTCCAACAATGTCGAATTTGCTGTCAATACCGAAGGTGTATACAGCGAACCCCGCCCCATTGGCACCAGATACCCGACTCGCAATCTGTAA
AAV.100791,38,0.52,19,1.84,3.54,ATGGCTGCCGATGGTTATCTTCCAGATTGGCTCGAGGACAACCTCTCCGAGGGCATTCGCGAGTGGTGGGACTCGAAACCTGGAGCCCCGAAACCCAAAGCCAACCAGCAAAAGCAGGACGACGGCCGGGGTCTGGTGCTTCCTGGCTACAAGTACCTCGGACCCTTCAACGGACTCGACAAGGGGGAGCCCGTCAACGCGGCGGATGCAGCGGCCCTCGAGCACGACAAGGCCTACGACCAGCAGCTCAAAGCGGGCGACAATCCGTACCTGCGGTACAACCACGCCGACGCCGAGTTTCAGGAGCGTCTGCAAGAAGATACGTCTTTTGGGGGCAACCTCGGGCGAGCAGTCTTCCAGGCCAAGAAGAGGGTTCTCGAACCTTTTGGTCTGGTCGAGGAAGGTGCCAAGACGGCTCCTGGAAAGAAACGTCCGGCAGAGCAGTCGCCACAAGAGCCAGACTCCTCCTCGGGCATTGGCAAGACAGGCCAGCAGCCAGCCTTCCACCTCGTCAGACGCCGAAGCTGGACCCAGCGGATCCCAGCAGCTGCAAATCCCAGCCCAACCAGCCTCAAGTTTGGGAGCCGATACAATGTCTGCGGGAGGTGGCGGCCCATTGGGCGACAACAACCAAGGTGCCGATGGAGTGGGCAATGCCTCGGGAGATTGGCATTGCGATTCCACGTGGATGGGGGACAGAGTCGTCACCAAGTCCACCCGAACCTGGGTGCTGCCCAGCTACAACAACCACCAGTACCGAGAGATCAAAAGCGGCTCCGTCGACGGAAGCAACGCCAACGCCTACTTTGGATACAGCACCCCCTGGGGGTACTTCGACTTCAACCGCTTCCACAGCCACTGGAGCCCCCGAGACTGGCAAAGACTCATCAACAACTACTGGGGCTTCAGACCCCGGTCCCTCAGAGTCAAAATCTTCAACATTCAAGTCAAAGAGGTCACGGTGCAGGACTGGCGTCACGACCATCGCCAACAACCTTACCAGCACGGTTCAAGTCTTCTCGGACTCGGAGTACCAGTTGCCGTACGTCCTCGGCTCTGCGCACCAGGGCTGCCTCCCTCCGTTCCCGGCGGACGTGTTCACGATTCCGCAGTACGGCTACCCAACGCTCAACAATGGCAGCCAGGCAGTGGGACGGTCATCCTTTTACTGCCTGGAATATTTCCCATCGCAGATGCCGAGAACGGGCAACAACTTTACCTTCAGCTACACCTTCGAGGACGTGCCTTTCCACAGCAGCTACGCGCACAGCCAGAGCCTGGACCGGCCGACGAATCCTCTCATCGACCAGTACCTGTATTACCCGAACAGAACTCAGAATCAGTCCGGAAGTGCCCAAAACAAGGACTTGCTGTTCAGCCGGGGGTCTCCAGCTGGCATGTCTGTTCAGCCCAAAAACTGGCTACCTGGACCCTGTTACCGGCAGCAGCGCGTTTCCAAAACAAAAACAGACAACAACAACAGCAACTTTACCTGGACTGGTGCTTCAAAATACAACCTCAATGGGCGCGAATCTACAGGCCAATCCTGGCATCGCTATGGCAACACACAAAGACGACGAGGAGCGTTTTTTTCCCAGCAACGGGATCCCGATTTTTGGCAAACAAAATGCTGCCAGAGACAATGCGGATTACAGCGATGTCATGCTCACCAGCGAGGAAGAAATCAAAACCACCAACCCTGTGGCTACAGAGGAATACGGTATCGTGGCAGACAACTTGCAGCAGCAAAACACGGCTCCTCAAATTGGAACTGTCAACAGCCAGGGGGCCTTACCCGGTATGGTCTGGCAGAACCGGGACGTGTACCTGCAGGGTCCCATCTGGGCCAAGATTCCTCACACGGACGGCAACTTCCACCCGTCTCCGCCGATGGGCGGCTTTGGCCCGAAACATCCTCCGCCTCAGATCCCGATCAAGAACACGCCTGTACCTGCGGATCCTCCGACCACCTTCAACCAGTCAAAGCCGAACTCTTTCATCACGCAATACAGCACCGGACAGGTCAGCGTGGAAATCGAATGGGAGCTGCAGAAGGAAAACAGCAAGCGCTGGAACCCCGAGATCCAGTACACCTCCAACTACTACAAATCTACAAGTGTGGACTTTGCTGTCAATACAGAAGGCGTGTACTCCGAACCCCGCCCCATTGGCACCCGTTACCTCACCCGCAATCTGTAA
AAV.102516,58,0.8,29,2.81,3.51,ATGGCTGCCGATGGTTATCTTCCAGATTGGCTCGAGGACAACCTCTCCGAGGGCATTCGCGAGTGGTGGGACTCGAAACCTGGAGCCCCGAAACCCAAAGCCAACCAGCAAAAGCAGGACGACGGCCGGGGTCTGGTGCTTCCTGGCTACAAGTACCTCGGACCCTTCAACGGACTCGACAAGGGGGAGCCCGTCAACGCGGCGGACGCAGCGGCCCTCGAGCACGACAAAGCCTACGACCAGCAGCTCAAAGCGGGCGACAATCCGTACCTGCGGTACAATCACGCCGACGCCGAGTTTCAGGAGCGTCTGCAAGAAGATACGTCTTTTGGGGGCAACCTCGGGCGAGCAGTCTTCCAGGCCAAGAAGCGGGTTCTCGAACCTCTCGGTCTGGTCGAGGAAGGCGCCAAGACGGCTCCTGGAAAGAAGAGACCGGCAGAGCAGTCGCCACAAGAGCCAGACTCCTCCTCGGGCATCGGCAAGACAGGCCAGCAGCCCCGCCAAAAAGAGACTCAATTTTGGTCAGACTGGCGACTCAGAGTCAGTCCCCGACCCACAACCTCTCGGAGAACCTCCAGCAGCCCCCTCCTGCTGTGGGACCTACTACAATGGCTTCAGGCGGTGGCGCACCAATGGCAGACAACAACGAAGGCGCCGACGGAGTGGGCAATGCCTCAGGAAATTGGCATTGCGATTCCACATGGCTGGGCGACAGAGTCATCACCACCAGCACCCGAACATGGGCCTTGCCCACCTACAACAACCACCTCTACAAGCAAATCTCCAGTGCTTCAACGGGGGCCAGCAACGACAACCACTACTTCGGCTACAGCACCCCCTGGGGGTATTTCGATTTCAACAGATTCCACTGCCATTTCTCACCACGCGACTGGCAGCGACTCATCAACAACAATTGGGGATTCCGGCCCAAGAGACTCAACTTCAAGCTCTTCAACATCCAAGTCAAGGAGGTCACGACGAACGATGGCGTCACGACCATCGCCAACAACCTTACCAGCACGGTTCAAGTCTTCTCGGACTCGGAGTACCAGTTGCCGTACGTCCTCGGCTCTGCGCACCAGGGCTTGCCTGCCGGCCTTCCCTCCGCAGGTCTTTACGCTGCCGCAGTACGGTTACGCGACGCCGAACCGCGACAACACAGAAAATCCCACCGAGAGGAGCAGCTTCTTCTGCCCAGAGTACTTTCCCAGCAAGATGCCGAGAACGGGCAACAACTTCGAGTTTACCTACAACTTCGAGGAGGTGCCCTTCCACTCCAGCTTCGCTCCCAGTCAGAACCTGTTCAAGCTGGCCAACCCGCTGGTGGACCAGTACTTGTACCGCTTCGCGAGCACAAACAACACTGGCGGAGTCCAGTTCAACAAGAACCTGGCCGGGAGATACGCCAACACCTACAAAAACTGGTTCCCGGGGCCCATGGGCCGAACCCAGGGCTGGAACCTGGGCTCCGGGGTCAACCGCGCCAGTGTCAGCGCCTTCGCCACGACCAACAGGATGGAGCTCGAGGGCGCGAGTTACCAGGTGCCCCCGCAGGCGAATCCGGGCCCGGCCATGGCAAGCCACAAGGACGACGAAGAAAAGTTTTTTCCTCAGAGCGGGGTTCTCATCTTTGGGAAGCAAGGCTCAGAGAAAACAAATGTGGACATCGAAAAGGTCACGATTACAGACGAAGAGGAAATCAGGACAACCAATCCCGTGGCTACGGAGCAGTATGGTTCTGTATCTACCAACCTCCAGAGAGGCAACAGACAAGCAGCTACCGCAGATGTCAACACACAAGGCGTTCTTCCAGGCATGGTCTGGCAGGACAGAGATGTGTACCTTCAGGGGTCCCATCTGGGCCAAGATTCCTCACACGGACGGCAACTTCCACCCGTCTCCGCCGATGGGCGGCTTTGGCCCGAAACATCCTCCGCCTCAGATCCCGATCAAGAACACGCCTGTACCTGCGGATCCTCCGACCACCTTCAACCAGTCAAAGCCGAACTCTTTCATCACGCAATACAGCACCGGACAGGTCAGCGTGGAAATCGAATGGGAGCTGCAGAAGGAAAACAGCAAGCGCTGGAACCCCGAGATCCAGTACACCTCCAACTACTACAAATCTACAAGTGTGGACTTTGCTGTCAATACAGAAGGCGTGTACTCCGAACCCCGCCCCATTGGCACCCGTTACCTCACCCGCAATCTTAA
AAV.106341,45,0.62,22,2.13,3.44,ATGGCTGCCGATGGTTATCTTCCAGATTGGCTCGAGGACACTCTCTCCGAAGGAACAAGACAGTGGTGGAAGCTCAAACCTGGCCCACCACCACCAAAGCCCGCAGAGCGGCACAAGGACGACAGCAGGGGTCTTGTGCTTCCTGGGTACAAGTACCTCGGACCCTTCAACGGACTCGACAAGGGAGAGCCGGTCAACGAGGCAGACGCCGCGGCCCTCGAGCACGACAAAGCCTACGACCGGCAGCTCGACAGCGGAGACAACCCGTACCTCAAGTACAACCACGCCGACGCGGAGTTTTCAGGAGCGCCTCAAAGAAGATACGTCTTTTGGGGGCAACCTCGGACGAGCAGTCTTCCAGGCGAAAAAGAGGGTTCTCGAACCTCTGGGCCTGGTCGAGGGAAGCGGCCAAGACGGCTCCTGGAAAAAAGAGACCTGCAGAGCAATCTCCAGCAGAACCGGACTCCTCTTCGGGCATCGGCAAATCAGGCCAGCAGCCCGCCAGAAAAAGACCGAATTTTGGTCAGACTGGCGACACAGAGTCAGTCCCAGACCCTCAACCACTCGGACAACCTCCCGCAGCCCCCTCCTGGTCTGGGAACCAATACGATGGCTACAGGCAGTGGCGCACCAATGGCAGACAACAACGAGGGCGCCGACGGAGTGGGCAATTCCTCGGGAAATTGGCATTGCGATTCCACATGGATGGGCGACAGAGTCATCACCACCAGCACCCGAACCTGGGCCCTGCCCACCTACAACAACCACCTCTACAAACAAATTTCCAGCCGGCACCTCGGGAGGAAGCACCAACGACAACACCTATTTTGGCTACAGCACCCCCTGGGGGTATTTCGACTTCAACAGATTCCACTGTCACTTTTCACCACGGCGACTGGCAGCGACTCATCAACAACAACTGGGGATTCCGGCCCAAGAAGCTGCGGTTCAAGCTCTTCAACATCCAGGTCAAGGAGGTCACGACGAACGACGGCGTTACGACCATCGCCAACAACCTTACCAGCACGATTCAGGTATTCTCGGACTCGGAATACCAGCTGCCGTACGTCCTCGGCTCTGCGCACCAGGGCTGCCTGCCTCCGTTCCCGGCGGACGTCTTCACGATTCCTCAGTACGGCTACCCGACTCTCAACAATGGCAGTCAGTCTGTGGGACGTTCCTCCTTCTACTGCCTGGAGTACTTCCCCTCTCAGATGCCGAGAACGGGCAACAACTTCGAGTTCAGCTACAGCTTCGAGGACGTGCCTTTCCACAGCAGCTACGCACACAGCCAGAGCCTGGACCGGCCGACGAATCCCCTCATCGACCAGTACTTGTACTACCTGGCCAGAACACAGAGCAACCCAGGAGGCACAGCTGGCAAACAAACGCCAAAATTCAGTGTGGCCGGACCCAGCAACATGGCTGTCCAGGGAAGAAACTACATACCTGGACCCAGCTACCGACAACAACGTGTCTCAACCGACAACCAACCAGAACAACAACAGCAACTTTGCCTGGACGGGAGCTGCCAAGTTCAAGCCGAACGGCCGAGACTCTCCAGGCCAATCCTGGCATCGCTATGGCAACACACAAAGACGACGAGGAGCGTTTTTTTCCCAGCAACGGGATCCCGATTTTTGGCAAACAAAATGCTGCCAGAGACAATGCGGATTACAGCGATGTCATGCTCACCAGCGAGGAAGAAATCAAAACCACCAACCCTGTGGCTACAGAGGAATACGGTATCGTGGCAGACAACTTGCAGCAGCAAAACACGGCTCCTCAAATTGGAACTGTCAACAGCCAGGGGGCCTTACCCGGTATGGTCTGGCAGAACCGGGACGTGTACCTGCAGGGGTCCTATTTGGGCCAAAATTCCTCACACGGATGGACACTTTCACCCGTCTCCTCTCATGGGCGGCTTTGGACTCAAGCACCCGCCTCCTCAGATCCTCAATCAAGAACACCCCGGTACCTGCGAATCCTTCGACCACCTTCAGTGCGGCAAAGTTTGCTTCCTTCATCACACAGTACTCCACGGGACAGGTCAGCGTGGAGATCGAGTGGGAGCTGCAGAAGGAAAACAGCAAACGCTGGAATCCCGAAATTCAGTACACTTCCAACTACAACAAGTCTGTCAATGTGGACTTTACTGTGGACACCAATGGCGTGTATTCAGAGCCTCGCCCCATTGGCACCAGATACCCGACTCGCAATCTGTAA
AAV.101447,80,1.1,36,3.49,3.17,ATGGCTGCCGATGGTTATCTTCCAGATTGGCTCGAGGACAACCTCAGCGAAGGAATTCGCGAGTGGTGGGCTTCGAAACCTGGAGCCCCTCAACCCAAGGCAAATCAACAACATCAAGACAACGCTCGAGGTCTTGTGCTTCCGGGTTACAAATACCTTGGACCCGGCAACGGACTCGACAAGGGGGAGCCGGTCAACGCAGCAGACGCGGCGGCCCTCGAGCACGACAAGGCCTACGACCAGCAGCTCAAGGCCGGAGACAACCCGTACCTCAAGTACAACCACGCCGACGCCGAGTTCCAGGAGCGGCTCAAAGAAGATACGTCTTTTGGGGGCAACCTCGGGCGAGCAGTCTTCCAGGCCAAAAAGAGGCTTCTCGAACCTCTTGGTCTGGTCGAGGAAGCGGCCAAGACGGCTCCTGGAAAGAAGAGGCCTGCAGAGCAGTCTCCTCAGGAACCGGACTCCTCCGCGGGTATTGGCAAATCGGGTGCACAGCCCGCCAAAAAGAGACTCAATTTCGGTCAGACTGGCGACACAGAGTCAGTCCCAGACCCTCAACCAATCGGAGAACCTCCCGCAGCCCCCTCAGGTGTGGGATCTCTTACAATGGCTTCAGGTGGTGGCGCACCAGTGGCAGACAACAACGAAGGTGCCGATGGAGTGGGCAGTTCCTCGGGAAATTGGCATTTGCGATTCCACATGGCTGGGCGACAGAGTCATCACCACCAGCACCCGAACATGGGCCTTGCCCACCTACAACAACCACCTCTACAAGCAAATCTCCAGTGCTTCAACGGGGGCCAGCAACGACAACCACTACTTCGGCTACAGCACCCCCTGGGGGTATTTCGATTTCAACAGATTCCACTGCCATTTCTCACCACGCGACTGGCAGCGACTCATCAACAACAATTGGGGATTCCGGCCCAAGAGACTCAACTTCAAGCTCTTCAACATCCAAGTCAAGGAGGTCACGACGAACGATGGCGTCACGACCATCGCCAACAACCTTACCAGCACGGTTCAAGTCTTCTCGGACTCGGAGTACCAGTTGCCGTACGTCCTCGGCTCTGCGCACCAGGGCTTGCCTCCCTCCGTTCCCGGCGGACGTGTTCACGATTCCGCAATACGGCTACCCGACGCTCAACAATGGCAGCCAAGCCGTGGGACGTTCATCCTTTTACTGCCTGGAATATTTCCCTTCTCAGATGCCGAGAACGGGCAACAACTTTACCTTCAGCTACACCTTCGAGGAAGTGCCTTTCCACAGCAGCTACGCGCACAGCCAGAGCCTGGACCGGCCGACGAATCCTCTCATCGACCAATACCTGTATTACCCGAACAGAACTCAAAATCAGTCCGGAAGTGCCCAAAACAAGGACTTGCTGTTCAGCCGTGGGTCTCCAGCTGGCATGTCTGTTCAGCCCAAAAACTGGCTACCTGGACCCTGTTATCGGCAGCAGCGCGTTTCCAAAACAAAAACAGACAACAACAACAGCAATTTTACCTGGACTGGTGCTTCAAAATACAACCTCAATGGGCGCGAATCCATCGGCGAACCCGGGCCCTGCTATGGCCAGTCACAAGGACGACAAAGAAAAGTTTTTCCCCATGCATGGAACCCCGATATTTGGCAAAGAAGGAACAAATGCCAACAACGCGGATTTGGAAAATGTCACGATTACAGACGAAGAAGAAATCCGCACCACCAATCCCGTGGCTACGGAGCAGTACGGGACTGTGTCAAACAATTTGCAAAACTCAAACGCTGGTCCAACTACTGGAACTGTCAATCACCAAGGAGCGTTACCTGGTATGGTGTGGCAGGATCGAGACGTGTACCTGCAGGGGTCCCATCTGGGCCAAAATTCCTCACACGGACGGCAACTTTCACCCGTCTCCCCCGATGGGCGGCTTTGGACCGAAGCACCCGCCTCCTCAAATTCTCATCAAGAACACACCGGTTCCAGCGGACCCGCCGCTTACCTTCAACCAGGCCAAGCCGAACTCTTTCATCACGCAGTACAGCACCGGACAGGTCAGCGTGGAAATCGAGTGGGAGCTGCAGAAAGAAAACAGCAAACGCTGGAATCCAGAGATTCAATACACTTCCAACTACTACAAATCTACAAATGTGGACTTTGCTGTCAACACGGAGGGGGTTTACAGCGAGCCTCGCCCCATTGGCACCCGTTACCTCACCCGCAACCTTAA
AAV.106157,49,0.68,22,2.13,3.13,ATGGCTGCCGATGGTTATCTTCCAGATTGGCTCGAGGACACTCTCTCCGAAGGAACAAGACAGTGGTGGAAGCTCAAACCTGGCCCACCACCACCAAAGCCCGCAGAGCGGCACAAGGACGACAGCAGGGGTCTTGTGCTTCCTGGGTACAAGTACCTCGGACCCTTCAACGGACTCGACAAGGGAGAGCCGGTCAACGAGGCAGACGCCGCGGCCCTCGAGCACGACAAAGCCTACGACCGGCAGCTCGACAGCGGAGACAACCCGTACCTCAAGTACAACCACGCCGACGCGGAGTTTCAGGAGCGCCTCAAAGAAGATACGTCTTTTGGGGGCAACCTCGGACGAGCAGTCTTCCAGGCGAAAAAGAGGGTTCTCGAACCTCTGGGCCTGGTCGAGGGAAGGTGCCAAGACGGCTCCTGGAAAGAAACGTCCGGCAGAGCAGTCGCCACAAGAGCCAGACTCCTCCTCGGGCATTGGCAAGACAGGCCAGCAGCCCGCCAAAAAGAGACTCAATTTTGGTCAGACTGGCGACTCAGAGTCAGTCCCCGACCCACAACCTCTCGGAGAACCTCCAGCAACCCCCGCTGCTGTGGGACCTACTACAATGGCTTCAGGCGGTGGCGCACCAATGGCAGACAACAACGAAGGCGCCGACGGAGTGGGCAATGCCTCAGGAAATTGGCATTTGCGATTCCCAATGGCTGGGCGACAGAGTCATCACCACCAGCACCCGCACCTGGGCCCTGCCCACCTACAACAATCACCTCTACAAGCAAATCTCCAGCCAATCAGGAGCCACCAACGACAACCACTACTTTGGCTACAGCACCCCCTGGGGGTATTTCGACTTCAACAGATTCCACTGCCACTTTTCACCACGCGACTGGCAAAGACTCATCAACAACAACTGGGGATTCCGACCCAAGAGACTCAACTTCAAGCTCTTCAACATTCAAGTCAAAGAGGTCACGCAGAACGACTGGAGTCAAGACCATCGCCAACAACCTTACCAGCACGGTCCAGGTCTTCACGGACTCAGACTATCAGCTCCCGTACGTGCTCGGGTCGGCTCACGAGGGCTGCCTCCCGCCGTTCCCAGCGGACGTTTTCACGATTCCTCAGTACGGGTATCCGACGCTCAACGATGGAAGCCAGGCCGTGGGTCGTTCGTCCTTTTACTGCCTGGAATATTTCCCGTCGCAAATGCCAAGAACGGGCAACAACTTCCAGTTCAGCTACGAGTTCGAGAACGTACCTTTCCACAGCAGCTACGCTCACAGCCAAAGCCTGGACCGACCAACGAATCCACTCATCGACCAATACTTGTACTATCTCTCAAAGACTATCAACGGTTCTGGACAGAATCAAGAACCTGGCCGGGAGATACGCCAACACCTACAAAAACTGGTTCCCGGGGCCCATGGGCCGAACCCAGGGCTGGAACCTGGGCTCCGGGGTCAACCGCGCCAGTGTCAGCGCCTTCGCCACGACCAACAGGATGGAGCTCGAGGGCGCGAGTTACCAGGTGCCCCCGCAGCCGAACGGCACGACCAACAACCTCCAGGGCAGCAACACCTATGCCCTGGAGAACACTACGATCTTCAACAGCCAGCCGGCGAACCCGGGCAACCAACAAAACTACATTGGAAAATGTGTCAACGACAAACGAAGAAGAAATTCGTCCTACCAATCCTGCAGCCACGGAAGAATACGGGACAGTCAGCAGCAACTTACAAGCGGCCAATACTGCAGCCCAGACACAAGTTGTCAACAACCAGGGAGCCTTACCTGGCATGGTCTGGCAGAACCGGGACGTGTACCTGCAGGGTCCCATCTGGGCCAAGATTCCTCACACGGATGGCAACTTTCACCCGTCTCCTTCGATGGGCGGCTTTGGACTCAAACATCCGCCTCCTCAGATCCCGATCAAGAACACTCCCGTTCCCGCCAATCCTCCGGAGGTGTTTACTCCTGCCAAGTTTGCTTCGTTCATCACACAGTACAGCACCGGACAAGTCAGCGTGGAAATCGAGTGGGAGCTGCAGAAGGAAAACAGCAAGCGCTGGAACCCGGAGATTCAGTACACCTCCAACTTCGAAAAGCAGACTGGTGTGGACTTTGCCGTCGACAGCCAGGGTGTTTACTCCGAGCCTCGCCCTATTGGCACTCGTTACCTCACCCGCAATCTAA
AAV.104223,41,0.57,18,1.75,3.07,ATGTCTTTTGTCGATCACCCTCCAGATTGGTTGGAAGAAGTTGGCGAAGGTCTTCGCGAGTTTTTGGGCCTCGAAGCGGGCCCACCGAAACCAAAACCCAATCAGCAGCATCAAGATCAAGCCCGTGGTCTTGTGCTGCCTGGTTACAACTATCTCGGACCCGGAAACGGTCTCGATCGAGGAGAGCCTGTCAACAGGGCAGACGAGGTCGCGCGAGAGCACGACATCTCGTACAACGAGCAGCTCGAGGCGGGAGACAACCCCTACCTCAAGTACAACCACGCGGACGCCGAGTTTCAGGAGAAGCTCGCCGACGACACATCCTTCGGGGGAAACCTCGGAAAGGCAGTCTTTCAGGCCAAGAAAAGGGTTCTCGAACCTTTTGGCCTGGTCGAAGGAACCTGTCAAGACGGCTCCGGGAAAAAAGAGGCCGGCAGAGCACTCTCCTGTGGAGCCAGACTCCTCCTCGGGAACCGGAAAGGCGGGCCAGCAGCCCCGCCAGAAAAAGACTCAATTTTGGTCAGACTGGCGACTCAGAGTCAGTTCCAGACCCTCAACCTCTCGGAGAACCTCCAGCAGCGCCCTCTGGTGTGGGACCCAATACAATGGCTGCAGGCGGTGGCGCACCAATGGCAGACAACAACGAAGGCGCCGACGGAGTGGGCAGTTCCTCGGGAAATTGGCATTGCGATTCCACATGGCTGGGCGACAGAGTCATCACCACCAGCACCCGAACCTGGGCCCTGCCCACCTACAACAACCACCTCTACAAGCAAATCTCCAACGGGACATCGGGAGGAGCCACCAACGACAACACCTACTTCGGCTACAGCACCCCCTGGGGGTATTTCGACTTCAACAGATTCCACTGCCACTTTTCACCACGCGACTGGCAGCGACTCATCAACAACAACTGGGGATTCCGGCCCAAGAGACTCAGCTTCAAGCTCTTCAACATCCAGGTCAAGGAGGTCACGCAGAACGAAGGCACCAAGACCATCGCCAACAACCTCACCAGCACCATCCAGGTGTTTACGGACTCGGAGTACCAGCTGCCGTACGTTCTCGGCTCTGCCCACCAGGGCTTGCCTGCCTCCGTTCCCGGCGGACGTCTTCACGATTCCTCAGTACGGCTACCCGACTCTCAACAATGGCAGTCAGTCTGTGGGACGTTCCTCCTTCTACTGCCTGGAGTACTTCCCCTCTCAGATGCCGAGAACGGGCAACAACTTCGAGTTCAGCTACAGCTTCGAGGACGTGCCTTTCCACAGCAGCTACCGCACACAGCCAGAGCCTGGACCGGCCGACGAATCCCCTCATCGACCAGTACTTGTACTACCTGGCCAGAACACAGAGCAACCCAGGAGGCACAGCTGGCAATCGGGAACTGCAGTTTTACCAGGGCGGGCCTTCAACTATGGCCGAACAAGCCAAGAATTGGTTACCTGGACCTTGCTTCCGGCAACAAAGAGTCTCCAAAACGCTGGATCAAAACAACAACAGCAACTTTGCTTGGACTGGTGCCACCAAATATCACCCGAACGGCAGAAACTCGTTGGTCAATCCCGGCGTCGCCATGGCAACTCACAAGGACGACGAGGACCGCTTTTTCCCATCCAGCGGAGTCCCGATTTTTGGAAAAACTGGAGCAACCAACAAAACTACATTGGAAAATGTGTCAACGACAAACGAAGAAGAAATTCGTCCTACCAATCCTGCAGCCACGGAAGAATACGGGACAGTCAGCAGCAACTTACAAGCGGCCAATACTGCAGCCCAGACACAAGTTGTCAACAACCAGGGAGCCTTACCTGGCATGGTCTGGCAGAACCGGGACGTGTACCTGCAGGGGTCCCATCTGGGCCAAAATTCCTCACACGGACGGCAACTTTCACCCGTCTCCCCCGATGGGCGGCTTTGGACCGAAGCACCCGCCTCCTCAAATTCTCATCAAGAACACACCGGTTCCAGCGGACCCGCCGCTTACCTTCAACCAGGCCAAGCCGAACTCTTTCATCACGCAGTACAGCACCGGACAGGTCAGCGTGGAAATCGAGTGGGAGCTGCAGAAAGAAAACAGCAAACGCTGGAATCCAGAGATTCAATACACTTCCAACTACTACAAATCTACAAATGTGGACTTTGCTGTCAACACGGAGGGGGTTTACAGCGAGCCTCGCCCCATTGGCACCCGTTACCTCACCCGCAACCTAA
AAV.103507,55,0.76,22,2.13,2.8,ATGGCTGCCGATGGTTATCTTCCAGATTGGCTCGAGGACAACCTCTCCGAGGGCATTCGCGAGTGGTGGGACTCGAAACCTGGAGCCCCGAAGCCCAAAGCCAACCAGCAAAAGCAGGACGACGGCCGGGGTCTGGTGCTTCCTGGCTACAAGTACCTCGGACCCTTCAACGGACTCGACAAGGGGGAGCCCGTCAACGCGGCGGACGCAGCGGCCCTCGAGCACGACAAGGCCTACGACCAGCAGCTCAAAGCGGGCGACAATCCGTACCTGCGGTACAACCACGCCGACGCCGAGTTTCAGGAGCGTCTGCAAGAAGATACGTCTTTTGGGGGCAACCTCGGGCGAGCAGTCTTCCAGGCCAAGAAGCGGGTTCTCGAACCTCTCGGTCTGGTCGAGGAAGGCGCCAAGACGGCTCCTGGAAAGAAACGTCCGGCAGAGCAGTCGCCACAAGAGCCAGACTCCTCCTCGGGCATCGGCAAGACAGGCCAGCAGCCCGCCAAAAAGAGACTCAATTTTGGTCAGACTGGCGACTCAGAGTCAGTCCCCGATCCACAACCTCTCGGAGAACCTCCAGCAACCCCCGCCAAGTTTGGGAGCCGATACAATGTCTGCGGGAGGTGGCGGCCCATTGGGCGACAACAACCAAGGTGCCGATGGAGTGGGCAATGCCTCGGGAGATTGGCATTGCGATTCCACGTGGATGGGGGACAGAGTCGTCACCAAGTCCACCCGAACCTGGGTGCTGCCCAGCTACAACAACCACCAGTACCGAGAGATCAAAAGCGGCTCCGTCGACGGAAGCAACGCCAACGCCTACTTTGGATACAGCACCCCCTGGGGGTACTTCGACTTCAACCGCTTCCACAGCCACTGGAGCCCCCGGCGACTGGCAGCGACTCATCAACAACAACTGGGGATTCCGGCCCAAGAGACTCAGCTTCAAGCTCTTCAACATCCAGGTCAAGGAGGTCACGCAGAACGAAGGCACCAAGACCATCGCCAACAACCTCACCAGCACCATCCAGGTGTTTACGGACTCGGAGTACCAGCTGCCGTACGTTCTCGGCTCTGCCCACCAGGGCTGCCTGCCTCCGTTCCCGGCGGACGTGTTCACGATTCCCCAGTACGGCTACCCAACACTCAACAACGGCAGTCAGGCCGTGGGACGCTCCTCCTTCTACTGCCTGGAATACTTTCCTTCGCAGATGCCGAGAACCGGCAACAACTTCCAGTTTACTTACACCTTCGAGGACGTGCCTTTCCACAGCAGCTACGCCCACAGCCAGAGCTTGGACCGGCCGACGAATCCTCCGATCGACCAGTACCTGTACTACTTGTCTCGGACTCAAACAACAGGAGGCACGGCAAATACGCAGACTCTGGGCTTCAGCCAAGGTGGGCCCAATACAATGGCCAATCAGGCAAAGAACTGGCTGCCAGGACCCTGTTACCGCCAACAACGCGTCTCAACGACAACCGGGCAAAACAACAACAGCAACTTTGCCTGGACTGCTGGGACCAAATACCATCCGAATGGAAGAAATTCATTGGGTCAATCCCGGCGTCGCCATGGCAACTCACAAGGACGACGAGGACCGCTTTTTCCCATCCAGCGGAGTCCCGATTTTTGGAAAAACTGGAGCAACCAACAAAACTACATTGGAAAATGTGTCAACGACAAACGAAGAAGAAATTCGTCCTACCAATCCTGCAGCCACGGAAGAATACGGGACAGTCAGCAGCAACTTACAAGCGGCCAATACTGCAGCCCAGACACAAGTTGTCAACAACCAGGGAGCCTTACCTGGCATGGTCTGGCAGAACCGGGACGTGTACCTGCAGGGTCCCATCTGGGCCAAGATTCCTCACACGGATGGCAACTTTCACCCGTCTCCTTCGATGGGCGGCTTTGGACTCAAACATCCGCCTCCTCAGATCCCGATCAAGAACACTCCCGTTCCCGCCAATCCTCCGGAGGTGTTTACTCCTGCCAAGTTTGCTTCGTTCATCACACAGTACAGCACCGGACAAGTCAGCGTGGAAAATCGAATGGGAGCTGCAGAAAGAAAACAGCAAGCGCTGGAATCCCGAAGTGCAGTACACATCCAATTATGCAAAATCTGCCAACGTCGATTTTACTGTGGACAACAATGGACTTTATACCGAGCCTCGCCCCATTGGCACCCGTTACCTTACCCGTCCCCTTAA
AAV.104015,46,0.63,18,1.75,2.78,ATGGCTGCCGATGGTTATCTTCCAGATTGGCTCGAGGACAACCTCTCCGAGGGCATTCGCGAGTGGTGGGACTCGAAACCTGGAGCCCCGAAACCCAAAGCCAACCAGCAAAAGCAGGACGACGGCCGGGGTCTGGTGCTTCCTGGCTACAAGTACCTCGGACCCTTCAACGGACTCGACAAGGGGGAGCCCGTCAACGCGGCGGACGCAGCGGCCCTCGAGCACGACAAAGCCTACGACCAGCAGCTCAAAGCGGGCGACAATCCGTACCTGCGGTACAATCACGCCGACGCCGAGTTTTCAGGAGCGTCTGCAAGAAGATACGTCTTTTGGGGGCAACCTCGGGCGAGCAGTCTTCCAGGCCAAGAAGCGGGTTCTCGAACCTCTCGGTCTGGTCGAGGAAGGCGCCAAGACGGCTCCTGGAAAGAAGAGACCGGCAGAGCCATCACCCCAGCGTTCTCCAGACTCCTCTACGGGCATCGGCAAGAAAGGCCAACAGCCCGCCAGAAAAAGACTCAATTTTGGTCAGACTGGCGACTCAGAGTCAGTTCCAGACCCTCAACCTCTCGGAGAACCTCCAGCAGCGCCCTCCTGGTCTGGGAACCAATACGATGGCTACAGGCAGTGGCGCACCAATGGCAGACAACAACGAGGGCGCCGACGGAGTGGGCAATTCCTCGGGAAATTGGCATTGCGATTCCACATGGATGGGCGACAGAGTCATCACCACCAGCACCCGAACCTGGGCCCTGCCCACCTACAACAACCACCTCTACAAACAAATTTCCAGCCGGCTCCGTCGACGGAAGCAACGCCAACGCCTACTTTGGATACAGCACCCCCTGGGGGTACTTCGACTTCAACCGCTTCCACAGCCACTGGAGCCCCCGGCGACTGGCAAAGACTCATCAACAACAACTGGGGATTCCGACCCAAGAGACTCAACTTCAAGCTCTTCAACATTCAAGTCAAAGAGGTCACGCAGAACGACGGTACGACGACGATTGCCAACAACCTTACCAGCACGGTTCAGGTGTTTACCGACTCGGAGTACCAGCTCCCGTACGTCCTCGGCTCGGCGCATCAAGGATGCCTCCCGCCGTTCCCAGCAGACGTCTTCATGGTGCCACAGTATGGATACCTCACCCCGAACAACGGGAGTCAGGCAGCAGGACGCTCTTCCCTTCTACTGCCTGGAGTACTTCCCCTCTCAGATGCCGAGAACGGGCAACAACTTCGAGTTCAGCTACAGCTTCGAGGACGTGCCTTTCCACAGCAGCTACGCACACAGCCAGAGCCTGGACCGGCCGACGAATCCCCTCATCGACCAGTACTTGTACTACCTGGCCAGAACACAGAGCAACCCAGGAGGCACAGCTGGCAATCGGGAACTGCAGTTTTACCAGGGCGGGCCTTCAACTATGGCCGAACAAGCCAAGAATTGGTTACCTGGACCTTGCTTCCGGCAACAAAGAGTCTCCAAAACGCTGGATCAAAACAACAACAGCAACTTTGCTTGGACTGGTGCCACCAAATATCACCCGAACGGCAGAAACTCGTTGGTCAATCCCGGCGTCGCCATGGCAACTCACAAGGACGACGAGGACCGCTTTTTCCCATCCAGCGGAGTCCCGATTTTTGGAAAAACTGGAGCAAGAGAAAACAAATGTGGACATCGAAAAGGTCACGATTACAGACGAAGAGGAAATCAGGACAACCAATCCCGTGGCTACGGAGCAGTATGGTTCTGTATCTACCAACCTCCAGAGAGGCAACAGACAAGCAGCTACCGCAGATGTCAACACACAAGGCGTTCTTCCAGGCATGGTCTGGCAGGACAGAGATGTGTACCTTCAGGGGCCCATCTGGGCAAAGATTCCACACACGGACGGACATTTTCACCCCTCTCCCCTCATGGGTGGATTCGGACTCAAACACCCTCCTCCACAGATTCTCATCAAGAACACCCCGGTACCTGCGAATCCTTCGACCACCTTCAGTGCGGCAAAGTTTGCTTCCTTCATCACACAGTACTCCACGGGACAGGTCAGCGTGGAGATCGAGTGGGAGCTGCAGAAGGAAAACAGCAAACGCTGGAATCCCGAAATTCAGTACACTTCCAACTACAACAAGTCTGTCAATGTGGACTTTACTGTGGACACCAATGGCGTGTATTCAGAGCCTCGCCCCATTGGCACCAGATACCCGACTCGCAATCTGTAA
AAV.106503,55,0.76,20,1.94,2.55,ATGGCTGCCGATGGTTATCTTCCAGATTGGCTCGAGGACAACCTCTCCGAGGGCATTCGCGAGTGGTGGGACTCGAAACCTGGAGCCCCGAAACCCAAAGCCAACCAGCAAAAGCAGGACGACGGCCGGGGTCTGGTGCTTCCTGGCTACAAGTACCTCGGACCCTTCAACGGACTCGACAAGGGGGAGCCCGTCAACGCGGCGGATGCAGCGGCCCTCGAGCACGACAAGGCCTACGACCAGCAGCTCAAAGCGGGCGACAATCCGTACCTGCGGTACAACCACGCCGACGCCGAGTTTCAGGAGCGTCTGCAAGAAGATACGTCTTTTGGGGGCAACCTCGGGCGAGCAGTCTTCCAGGCCAAGAAGAGGGTTCTCGAACCTTTTGGTCTGGTCGAGGAAGGTGCCAAGACGGCTCCTGGAAAGAAACGTCCGGCAGAGCAGTCGCCACAAGAGCCAGACTCCTCCTCGGGCATTGGCAAGACAGGCCAGCAGCCCGCCAAAAAGAGACTCAATTTTGGTCAGACTGGCGACTCAGAGTCAGTCCCCGACCCACAACCTCTCGGAGAACCTCCAGCAACCCCCGCCTGGTCTGGGATCTGGTACAATGGCTGCAGGCGGTGGCGCTCCAATGGCAGACAACAACGAAGGCGCCGACGGAGTGGGCAGTTCCTCAGGAAATTGGCATTGCGATTCCACATGGCTGGGCGACAGAGTCATCACCACCAGCACCCGAACCTGGGCCCTCCCCACCTACAACAACCACCTCTACAAGCAAATCTCCAACGGGACTTCGGGAGGAAGCACCAACGACAACACCTACTTCGGCTACAGCACCCCCTGGGGGTATTTCGACTTCAACAGATTCCACTGCCACTTCTCACCACGCGACTGGCAGCGACTCATCAACAACAACTGGGGATTCCGGCCCAAGAGACTCAACTTCAAGCTCTTCAACATCCAGGTCAAGGAGGTCACGCAGAACGAAGGCACCAAGACCATCGCCAACAACCTTACCAGCACGATTCAGGTCTTTACGGACTCGGAATACCAGCTCCCGTACGTCCTCGGCTCTGCGCACCAGGGCTGCCTGCCTCCGTTCCCGGCGGACGTCTTCACGATTCCTCAGTACGGGTACCCGACTCCGAACAATGGCAGTCAGGCCGTGGGCCGTTCCTCCTTCTACTGCCTGGAGTACTTTCCTTCTCAAATGCCGAGAACGGGCAACAACTTCGAGTTCAGCTACCAGTTCGAGGACGTGCCTTTTCACAGCAGCTACCGCTCACAGCCAAAGCCTGGACCGACCAACGAATCCACTCATCGACCAATACTTGTACTATCTCTCAAAGACTATCAACGGTTCTGGACAGAATCAACAAACGCCAAAATTCAGTGTGGCCGGACCCAGCAACATGGCTGTCCAGGGAAGAAACTACATACCTGGACCCAGCTACCGACAACAACGTGTCTCAACCACTGCGACTCAAAACAACAACAGCGAATTTGCTTGGCCTGGAGCTTCTTCTTGGGCTCTCAATGGACGCAACAGCTCGACGAATCCTGGACCTGCTATGGCCAGCCACAAAGAAGGAGAGGACCGTTTCTTTCCTTTGTCTGGATCTTCAATTTTTGGCAAACAAGGAACTGGAAGAGACAACGTGGATGCGGACAAAGTCACGACAACCAACGAAGAAGAAATCAAAACTACCAACCCGGCAGCAACGGAGTCCTATGGACAAGTGGCCACAAACCACCAGAGTGCCCAAGCACAGGCGCAGACCGGCTGGGTTCAAAACCAAGGAATACTTCCGGGTATGGTTTGGCAGGACAGAGATGTGTACCTGCAAGGGGCCCATCTGGGCAAAGATTCCACACACGGACGGACATTTTCACCCCTCTCCCCTCATGGGTGGATTCGGACTCAAACACCCTCCTCCACAGATTCTCATCAAGAACACCCCGGTACCTGCGAATCCTTCGACCACCTTCAGTGCGGCAAAGTTTGCTTCCTTCATCACACAGTACTCCACGGGACAGGTCAGCGTGGAGATCGAGTGGGAGCTGCAGAAGGAAAACAGCAAACGCTGGAATCCCGAAATTCAGTACACTTCCAACTACAACAAGTCTGTCAATGTGGACTTTACTGTGGACACCAATGGCGTGTATTCAGAGCCTCGCCCCATTGGCACCAGATACCCGACTCGCAATCTGTAA
AAV.104850,61,0.84,22,2.13,2.54,ATGGCTGCCGATGGTTATCTTCCAGATTGGCTCGAGGACACTCTCTCCGAAGGAACAAGACAGTGGTGGAAGCTCAAACCTGGCCCACCACCACCAAAGCCCGCAGAGCGGCACAAGGACGACAGCAGGGGTCTTGTGCTTCCTGGGTACAAGTACCTCGGACCCTTCAACGGACTCGACAAGGGAGAGCCGGTCAACGAGGCAGACGCCGCGGCCCTCGAGCACGACAAAGCCTACGACCGGCAGCTCGACAGCGGAGACAACCCGTACCTCAAGTACAACCACGCCGACGCGGAGTTTTCAGGAGCGTCTGCAAGAAGATACGTCTTTTGGGGGCAACCTCGGGCGAGCAGTCTTCCAGGCCAAGAAGCGGGTTCTCGAACCTCTCGGTCTGGTCGAGGAAGGCGCCAAGACGGCTCCTGGAAAGAAGAGACCGGCAGAGCAGTCGCCACAAGAGCCAGACTCCTCCTCGGGCATCGGCAAGACAGGCCAGCAGCCCGCCAAAAAGAGACTCAATTTTGGTCAGACTGGCGACTCAGAGTCAGTCCCCGACCCACAACCTCTCGGAGAACCTCCAGCAGCCCCCTCAGGTCTGGGACCCAATACAATGGCTTCAGGCGGTGGCGCTCCAATGGCAGACAACAACGAAGGCGCCGACGGAGTGGGCAATTCCTCGGGAAATTGGCATTGCGATTCCACATGGCTGGGGGACAGAGTCATCACCACCAGCACCCGAACCTGGGCCCTGCCCACCTACAACAACCACCTCTACAAGCAAATCTCCAACGGAAACTGCAGGCAGTACCAACGACAACACCTACTTCGGCTACAGCACCCCCTGGGGGTATTTCGACTTCAACAGATTCCACTGCCACTTCTCACCACGCGACTGGCAGCGACTCATCAACAACAACTGGGGATTCCGGCCCAAGAAGCTGCGGTTCAAGCTCTTCAACATCCAGGTCAAGGAGGTCACGACGAACGACGGCGTTACGACCATCGCCAACAACCTTACCAGCACGATTCAGGTATTCTCGGACTCGGAATACCAGCTGCCGTACGTCCTCGGCTCTGCGCACCAGGGCTGCCTGCCTCCGTTCCCGGCGGACGTCTTCACGATTCCTCAGTACGGCTACCCGACTCTCAACAATGGCAGTCAGTCTGTGGGACGTTCCTCCTTCTACTGCCTGGAGTACTTCCCCTCTCAGATGCCGAGAACGGGCAACAACTTCGAGTTCAGCTACAGCTTCGAGGACGTGCCTTTCCACAGCAGCTACCGCACACAGCCAGAGCCTGGACCGGCCGACGAATCCCCTCATCGACCAGTACTTGTACTACCTGGCCAGAACACAGAGCAACCCAGGAGGCACAGCTGGCAATCGGGAACTGCAGTTTTACCAGGGCGGGCCTTCAACTATGGCCGAACAAGCCAAGAATTGGTTACCTGGACCTTGCTTCCGGCAACAAAGAGTCTCCAACGACACTGTCGCAAAACAACAACAGCAACTTTGCCTGGACCGGTGCCACCAAGTATCATCCGAATGGCAGAGACTCTCTGGCAAATCCCGGTGTCGCTATGGCAACCCACAAGGACGACGAAGAGCGATTTTTTCCGTCCAGCGGAGTCTCAATGTTTGGGAAACAGGGAGCTGGAAAAGACAACGTGGACTACAGCAGCGTTATGCCAACCAGCGAGGAAGAAATCAAAACCACCAACCCAGTGGCCACAGAACAGTACGGCGTGGTGGCCGAACAACTTGCAGCAGCAAAACACGGCTCCTCAAATTGGAACTGTCAACAGCCAGGGGGCCTTACCCGGTATGGTCTGGCAGAACCGGGACGTGTACCTGCAGGGTCCCATCTGGGCCAAGATTCCTCACACGGACGGCAACTTCCACCCGTCTCCGCCGATGGGCGGCTTTGGCCCGAAACATCCTCCGCCTCAGATCCCGATCAAGAACACGCCTGTACCTGCGGATCCTCCGACCACCTTCAACCAGTCAAAGCCGAACTCTTTCATCACGCAATACAGCACCGGACAGGTCAGCGTGGAAGATCGAATGGGAGCTGCAGAAAGAAAACAGCAAACGCTGGAATCCCGAAGTGCAGTATACATCCAACTATGCAAAATCTGCCAACGTCGATTTCACTGTGGACAACAATGGACTTTATACCGAGCCTCGCCCCATTGGCACCCGTTACCTCACCCGTCCCCTGTAA
AAV.106258,60,0.83,20,1.94,2.34,ATGGCTGCCGACGGTTATCTTCCAGATTGGCTCGAGGACAACCTTTCCGAAGGCATTCGCGAGTGGTGGGCTCCGAAACCTGGAGTCCCTCAACCCAAAGCGAACCAACAACACCAGGACAACCGTCGGGGTCTTGTGCTTCCGGGTTACAAATACCTCGGACCCGGCAACGGACTCGACAAAGGAGAGCCGGTCAACGAGGCGGACGCGGCAGCCCTCGAACACGACAAAGCTTACGACCAGCAGCTCAAGGCCGGCGACAACCCGTACCTCAAGTACAACCACGCCGACGCCGAGTTTCAGGAGCGTCTTCAAGAAGATACGTCTTTTGGGGGCAACCTTGGCAGAGCAGTCTTCCAGGCCAAAAAGAGGATCCTCGAGCCTCTTGGTCTGGTCGAGGAAGCAGCCAAAACGGCTCCTGGAAAGAAGGGGGCTGCAGATCAGTCTCCTCAGGAACCGGACTCATCATCTGGTGTTGGCAAATCGGGCAAACAGCCTGCCAGAAAAAGACCAAATTTCGGTCAGACTGGAGACTCAGAGTCAGTCCCAGACCCTCAACCTCTCGGAGAACCACCAGCAGCCCCCACCAGGTCTGGGACCCAATACAATGGCTTCAGGCGGTGGCGCTCCAATGGCAGACAACAACGAAGGCGCCGACGGAGTGGGCAATTCCTCGGGAAATTGGCATTGCGATTCCACATGGCTGGGGGACAGAGTCATCACCACCAGCACCCGAACCTGGGCCCTGCCCACCTACAACAACCACCTCTACAAGCAAATCTCCAACGGAAACTGCAGGCAGTACCAACGACAACACCTACTTCGGCTACAGCACCCCCTGGGGGTATTTCGACTTCAACAGATTCCACTGCCACTTCTCACCACGCGACTGGCAGCGACTCATCAACAACAACTGGGGATTCCGGCCCAAGAAGCTGCGGTTCAAGCTCTTCAACATCCAGGTCAAGGAGGTCACGACGAACGACGGCGTTACGACCATCGCCAACAACCTTACCAGCACGATTCAGGTATTCTCGGACTCGGAATACCAGCTGCCGTACGTCCTCGGCTCTGCGCACCAGGGCTGCCTGCCTCCGTTCCCGGCGGACGTCTTCACGATTCCTCAGTACGGCTACCCGACTCTCAACAATGGCAGTCAGTCTGTGGGACGTTCCTCCTTCTACTGCCTGGAGTACTTCCCCTCTCAGATGCCGAGAACGGGCAACAACTTCGAGTTCAGCTACAGCTTCGAGGACGTGCCTTTCCACAGCAGCTACGCACACAGCCAGAGCCTGGACCGGCCGACGAATCCCCTCATCGACCAGTACTTGTACTACCTGGCCAGAACACAGAGCAACCCAGGAGGCACAGCTGGCAATCGGGAACTGCAGTTTTACCAGGGCGGGCCTTCAACTATGGCCGAACAAGCCAAGAATTGGTTACCTGGACCTTGCTTCCGGCAACAAAGAGTCTCCAAAAACAAAAACAGACAACAACAACAGCAATTTTACCTGGACTGGTGCTTCAAAATACAACCTCAATGGGCGCGAATCCATCATCAACCCTGGCACTGCTATGGCCTCACACAAAGACGACGAAGACAAGTTCTTTCCCACGAGCGGTGTCACGATTTTTGGAAAAGAGAGCGCCGGAGAAAACAAATGTGGACATCGAAAAGGTCACGATTACAGACGAAGAGGAAATCAGGACAACCAATCCCGTGGCTACGGAGCAGTATGGTTCTGTATCTACCAACCTCCAGAGAGGCAACAGACAAGCAGCTACCGCAGATGTCAACACACAAGGCGTTCTTCCAGGCATGGTCTGGCAGGACAGAGATGTGTACCTTCAGGGGCCCATCTGGGCAAAGATTCCACACACGGACGGACATTTTCACCCCTCTCCCCTCATGGGTGGATTCGGACTCAAACACCCTCCTCCACAGATTCTCATCAAGAACACCCCGGTACCTGCGAATCCTTCGACCACCTTCAGTGCGGCAAAGTTTGCTTCCTTCATCACACAGTACTCCACGGGACAGGTCAGCGTGGAGATCGAGTGGGAGCTGCAGAAGGAAAACAGCAAACGCTGGAATCCCGAAATTCAGTACACTTCCAACTACAACAAGTCTGTCAATGTGGACTTTACTGTGGACACCAATGGCGTGTATTCAGAGCCTCGCCCCATTGGCACCAGATACCCGACTCGCAATCTTAA
AAV.103459,42,0.58,14,1.36,2.34,ATGGCTGCCGATGGTTATCTTCCAGATTGGCTCGAGGACACTCTCTCCGAAGGAACAAGACAGTGGTGGAAGCTCAAACCTGGCCCACCACCACCAAAGCCCGCAGAGCGGCACAAGGACGACAGCAGGGGTCTTGTGCTTCCTGGGTACAAGTACCTCGGACCCTTCAACGGACTCGACAAGGGAGAGCCGGTCAACGAGGCAGACGCCGCGGCCCTCGAGCACGACAAAGCCTACGACCGGCAGCTCGACAGCGGAGACAACCCGTACCTCAAGTACAACCACGCCGACGCGGAGTTTCAGGAGCGCCTCAAAGAAGATACGTCTTTTGGGGGCAACCTCGGACGAGCAGTCTTCCAGGCGAAAAAGAGGGTTCTCGAACCTCTGGGCCTGGTCGAGGAACCTGTCAAGACGGCTCCGGGAAAAAAGAGGCCGGCAGAGCACTCTCCTGTGGAGCCAGACTCCTCCTCGGGAACCGGAAAGGCGGGCCAGCAGCCCCGCCAGAAAAAGACCGAATTTTGGTCAGACTGGCGACACAGAGTCAGTCCCAGACCCTCAACCACTCGGACAACCTCCCGCAGCCCCCTCTGGTGTGGGATCTACTACAATGGCTTCAGGCGGTGGCGCACCAATGGCAGACAACAACGAGGGTGCCGATGGAGTGGGCAATTCCTCAGGAAATTGGCATTTGCGATTCCACATGGCTGGGCGACAGAGTCATTACCACCAGCACCCGAACCTGGGCCCTGCCCACCTACAACAACCACCTCTACAAGCAAATCTCCAGCGAAACTGCAGGCAGTACCAACGACAACACCTACTTCGGCTACAGCACCCCCTGGGGGTATTTCGACTTCAACAGATTCCACTGCCACTTCTCACCACGCGACTGGCAGCGACTCATCAACAACAACTGGGGATTCCGGCCCAAGAAGCTGCGGTTCAAGCTCTTCAACATCCAGGTCAAGGAGGTCACGACGAACGACGGCGTTACGACCATCGCCAACAACCTTACCAGCACGATTCAGGTATTCTCGGACTCGGAATACCAGCTGCCGTACGTCCTCGGCTCTGCGCACCAGGGCTGCCTGCCTCCGTTCCCGGCGGACGTCTTCACGATTCCTCAGTACGGCTACCCGACTCTCAACAATGGCAGTCAGTCTGTGGGACGTTCCTCCTTCTACTGCCTGGAGTACTTCCCCTCTCAGATGCCGAGAACGGGCAACAACTTCGAGTTCAGCTACAGCTTCGAGGACGTGCCTTTCCACAGCAGCTACCGCCCACAGCCAGAGCTTGGACCGGCCGACGAATCCTCCGATCGACCAGTACCTGTACTACTTGTCTCGGACTCAAACAACAGGAGGCACGGCAAATACGCAGACTCTGGGCTTCAGCCAAGGTGGGCCCAATACAATGGCCAATCAGGCAAAGAACTGGCTGCCAGGACCCTGTTACCGCCAACAACGCGTCTCAACAAACAAAAACAGACAACAACAACAGCAACTTTACCTGGACTGGTGCTTCAAAATACAACCTCAATGGGCGCGAATCTACAATCAACCCTGGCACTGCTATGGCCTCACACAAAGACGACAAAGACAAGTTCTTTCCCACGAGCGGTGTCACGATTTTTGGAAAGGAGAGCGCCGGAGCTTCAAACACTGCATTGGACAATGTCACGATCACAGACGAAGAGGAAATCAAAGCCACCAACCCCGTGGCCACCGAAAGATTTGGGACTGTGGCAGTACAATTTGCAAAACTCAAACGCTGGTCCAACTACTGGAACTGTCAATCACCAAGGAGCGTTACCTGGTATGGTGTGGCAGGATCGAGACGTGTACCTGCAGGGACCCATTTGGGCCAAGATTCCTCACACCGATGGACACTTTCATCCTTCTCCACCGATGGGAGGTTTTGGGCTCAAACACCCGCCTCCTCAGATCACGATCAAAAACACTCCCGTTCCAGCCAATCCTCCCACAAACTTCAGTGCGGCAAAGTTTGCTTCCTTCATCACACAGTACTCCACGGGGCAGGTCAGCGTGGAGATCGAGTGGGAGCTGCAGAAGGAGAACAGCAAACGCTGGAATCCCGAAATTCAGTACACTTCCAACTACAACAAATCTGTCAATGTGGACTTTACTGTGGACACCAATGGTGTGTATTCAGAGCCTCGCCCCATTGGCACCAGATACCCGACTCGCAATCTAA
AAV.101197,163,2.25,51,4.95,2.2,ATGGCTGCCGATGGTTATCTTCCAGATTGGCTCGAGGACAACCTCTCCGAGGGCATTCGCGAGTGGTGGGACTCGAAACCTGGAGCCCCGAAACCCAAAGCCAACCAGCAAAAGCAGGACGACGGCCGGGGTCTGGTGCTTCCTGGCTACAAGTACCTCGGACCCTTCAACGGACTCGACAAGGGGGAGCCCGTCAACGCGGCGGACGCAGCGGCCCTCGAGCACGACAAAGCCTACGACCAGCAGCTCAAAGCGGGCGACAATCCGTACCTGCGGTACAATCACGCCGACGCCGAGTTTCAGGAGCGTCTGCAAGAAGATACGTCTTTTGGGGGCAACCTCGGGCGAGCAGTCTTCCAGGCCAAGAAGCGGGTTCTCGAACCTCTCGGTCTGGTCGAGGAAGGCGCCAAGACGGCTCCTGGAAAGAAGAGACCGGCAGAGCAGTCGCCACAAGAGCCAGACTCCTCCTCGGGCATCGGCAAGACAGGCCAGCAGCCCGCCAAAAAGAGACTCAATTTTGGTCAGACTGGCGACTCAGAGTCAGTCCCCGACCCACAACCTCTCGGAGAACCTCCAGCAGCCCCCTCAGGTCTGGGACCCAATACAATGGCTTCAGGCGGTGGCGCTCCAATGGCAGACAACAACGAAGGCGCCGACGGAGTGGGCAATTCCTCGGGAAATTGGCATTTGCGATTCCACATGGCTGGGCGACAGAGTCATCACCACCAGCACCCGAACCTGGGCCCTCCCCACCTACAACAACCACCTCTACAAGCAAATCTCCAACGGGACTTCGGGAGGAAGCACCAACGACAACACCTACTTCGGCTACAGCACCCCCTGGGGGTATTTCGACTTCAACAGATTCCACTGCCACTTCTCACCACGCGACTGGCAGCGACTCATCAACAACAACTGGGGATTCCGGCCCAAGAGACTCAACTTCAAGCTCTTCAACATCCAGGTCAAGGAGGTCACGCAGAACGAAAGGCACCAAGACCATCGCCAACAATCTCACCAGCACCGTGCAGGTCTTTACGGACTCGGAGTACCAGTTACCGTACGTGCCAGGATCCGCTCACCAGGGATTGCCTCCCTCCGTTCCCGGCGGACGTGTTCACGATTCCGCAGTACGGCTACCCAACGCTCAACAATGGCAGCCAGGCAGTGGGACGGTCATCCTTTTACTGCCTGGAATATTTCCCATCGCAGATGCCGAGAACGGGCAACAACTTTACCTTCAGCTACACCTTCGAGGACGTGCCTTTCCACAGCAGCTACGCGCACAGCCAGAGCCTGGACCGGCCGACGAATCCTCTCATCGACCAGTACCTGTATTACCCGAACAGAACTCAGAATCAGTCCGGAAGTGCCCAAAACAAGGACTTGCTGTTCAGCCGGGGGTCTCCAGCTGGCATGTCTGTTCAGCCCAAAAACTGGCTACCTGGACCCTGTTACCGGCAGCAGCGCGTTTCCAAAACAAAAACAGACAACAACAACAGCAACTTTACCTGGACTGGTGCTTCAAAATACAACCTCAATGGGCGCGAATCTACAATCAACCCTGGCACTGCTATGGCCTCACACAAAGACGACAAAGACAAGTTCTTTCCCACGAGCGGTGTCACGATTTTTGGAAAGGAGAGCGCCGGGAAGAGACAACGTGGATGCGGACAAAGTCACGACAACCAACGAAGAAGAAATCAAAACTACCAACCCGGCAGCAACGGAGTCCTATGGACAAGTGGCCACAAACCACCAGAGTGCCCAAGCACAGGCGCAGACCGGCTGGGTTCAAAACCAAGGAATACTTCCGGGTATGGTTTGGCAGGACAGAGATGTGTACCTGCAAGGACCCATTTGGGCCAAAATTCCTCACACGGACGGCAACTTTCACCCTTCTCCGCCGATGGGAGGGTTTGGAACGAAGCACCCGCCTCCTCAGATCCTCATCAAAAACACACCTGTACCTGCGGATCCTCCAACGGCCTTCAACAAGGACAAGCCGAACTCTTTCATCACCCAGTATTCTACTGGCCAAGTCAGCGTGGAGATCGAGTGGGAGCTGCAGAAGGAAAACAGCAAGCGCTGGAACCCGGAGATCCAGTACACTTCCAACTATTACAAGTCCAACAATGTCGAATTTGCTGTCAATACCGAAGGTGTATACAGCGAACCCCGCCCCATTGGCACCAGATACCCGACTCGCAATCTTAA
AAV.101037,38,0.52,11,1.07,2.06,ATGGCTGCCGATGGTTATCTTCCAGATTGGCTCGAGGACACTCTCTCCGAAGGAACAAGACAGTGGTGGAAGCTCAAACCTGGCCCACCACCACCAAAGCCCGCAGAGCGGCACAAGGACGACAGCAGGGGTCTTGTGCTTCCTGGGTACAAGTACCTCGGACCCTTCAACGGACTCGACAAGGGAGAGCCGGTCAACGAGGCAGACGCCGCGGCCCTCGAGCACGACAAAGCCTACGACCGGCAGCTCGACAGCGGAGACAACCCGTACCTCAAGTACAACCACGCCGACGCGGAGTTTCAGGAGCGCCTCAAAGAAGATACGTCTTTTGGGGGCAACCTCGGACGAGCAGTCTTCCAGGCGAAAAAGAGGGTTCTCGAACCTCTGGGCCTGGTCGAGGGAAGCGGCCAAGACGGCTCCTGGAAAGAAGAGGCCTGCAGAGCAGTCTCCTCAGGAACCGGACTCCTCCGCGGGTATTGGCAAATCGGGTGCACAGCCCGCCAAAAAGAGACTCAATTTCGGTCAGACTGGCGACACAGAGTCAGTCCCAGACCCTCAACCAATCGGAGAACCTCCCGCAGCCCCCTCAGGTGTGGGATCTCTTACAATGGCTTCAGGTGGTGGCGCACCAGTGGCAGACAACAACGAAGGTGCCGATGGAGTGGGCAGTTCCTCGGGAAATTGGCATTGCGATTCCCAATGGCTGGGGGACAGAGTCATCACCACCAGCACCCGAACCTGGGCCCTGCCCACCTACAACAATCACCTCTACAAGCAAATCTCCAACAGCACATCTGGAGGATCTTCAAACGACAACGCCTACTTCGGCTACAGCACCCCCTGGGGGTATTTCGACTTCAACAGATTCCACTGCCACTTCTCACCACGCGACTGGCAGCGACTCATCAACAACAACTGGGGATTCCGGCCCAAGCGACTCAACTTCAAGCTCTTCAACATTCAGGTCAAAGAGGTTACGGACAACAATGGAGTCAAGACCATCGCCAACAACCTTACCAGCACGGTCCAGGTCTTCACGGACTCAGACTATCAGCTCCCGTACGTGCTCGGGTCGGCTCACGAGGGCTTGCCTGCCTCCGTTCCCGGCGGACGTGTTCACGATTCCCCAGTACGGCTACCCAACACTCAACAACGGCAGTCAGGCCGTGGGACGCTCCTCCCTTTTACTGCCTGGAGTACTTTCCTTCTCAGATGCTGCGTACTGGAAACAACTTTCAGTTCAGCTACACTTTCGAAGACGTGCCTTTCCACAGCAGCTACGCTCACAGCCAAAGTCTGGACCGTCTCACGAATCCTCCGATCGACCAGTACCTGTACTATCCGAACAGGACACAAACAGCCAGTGGAACTCAGCAGTCTCGGCTACTGTTCAGCCAAGCTGGACCCACCAGTATGTCTCTTCAAGCCAAAAACTGGCTGCCTGGACCTTGCTACAGACAGCAGCGTCTGTCAAAGCAGGCAAACGACAACAACAACAGCAACTTTCCCTGGACTGGTGCCACCAAATATCATCCGAATGGCCGGGACTCATTGGGCGAATCCGGGCCCGGCCATGGCAAGCCACAAGGACGACGAAGAAAAGTTTTTTCCTCAGAGCGGGGTTCTCATCTTTGGGAAGCAAGGCTCAGAGAAAACAAATGTGGACATCGAAAAGGTCACGATTACAGACGAAGAGGAAATCAGGACAACCAATCCCGTGGCTACGGAGCAGTATGGTTCTGTATCTACCAACCTCCAGAGAGGCAACAGACAAGCAGCTACCGCAGATGTCAACACACAAGGCGTTCTTCCAGGCATGGTCTGGCAGGACAGAGATGTGTACCTTCAGGGGTCCTATTTGGGCCAAAATTCCTCACACGGATGGACACTTTCACCCGTCTCCTCTCATGGGCGGCTTTGGACTCAAGCACCCGCCTCCTCAGATCCTCATCAAAAACACGCCTGTTCCTGCGAATCCTCCGGCAGAGTTTTCGGCTACAAAGTTTGCTTCATTCATCACCCAGTATTCCACAGGACAAGCGAGCGTGGAGATCGAATGGGAGCTGCAGAAAGAAAACAGCAAACGCTGGAATCCCGAAGTGCAGTATACATCCAACTATGCAAAATCTGCCAACGTCGATTTCACTGTGGACAACAATGGACTTTATACCGAGCCTCGCCCCATTGGCACCCGTTACCTCACCCGTCCCCTAA
AAV.100553,134,1.85,37,3.59,1.94,ATGGCTGCCGATGGTTATCTTCCAGATTGGCTCGAGGACAACCTCTCCGAGGGCATTCGCGAGTGGTGGGACTCGAAACCTGGAGCCCCGAAACCCAAAGCCAACCAGCAAAAGCAGGACGACGGCCGGGGTCTGGTGCTTCCTGGCTACAAGTACCTCGGACCCTTCAACGGACTCGACAAGGGGGAGCCCGTCAACGCCGGCGGACGCAGCGGCCCTCGAGCACGACAAAGCCTACGACCAGCAGCTCAAAGCGGGCGACAATCCGTACCTGCGGTACAATCACGCCGACGCCGAGTTTCAGGAGCGTCTGCAAGAAGATACGTCTTTTGGGGGCAACCTCGGGCGAGCAGTCTTCCAGGCCAAGAAGCGGGTTCTCGAACCTCTCGGTCTGGTCGAGGGAACCTGTCAAGACGGCTCCGGGAAAAAAGAGGCCGGCAGAGCACTCTCCTGTGGAGCCAGACTCCTCCTCGGGAACCGGAAAGGCGGGCCAGCAGCCCCGCCAGAAAAAGACTCAATTTTGGTCAGACTGGCGACTCAGAGTCAGTTCCAGACCCTCAACCTCTCGGAGAACCTCCAGCAGCGCCCTCTGGTGTGGGACCCAATACAATGGCTGCAGGCGGTGGCGCACCAATGGCAGACAACAACGAAGGCGCCGACGGAGTGGGCAGTTCCTCGGGAAATTGGCATTGCGATTCCACATGGCTGGGCGACAGAGTCATCACCACCAGCACCCGAACCTGGGCCCTGCCCACCTACAACAACCACCTCTACAAGCAAATCTCCAACGGGACATCGGGAGGAGCCACCAACGACAACACCTACTTCGGCTACAGCACCCCCTGGGGGTATTTCGACTTCAACAGATTCCACTGCCACTTTTCACCACGCGACTGGCAGCGACTCATCAACAACAACTGGGGATTCCGGCCCAAGAGACTCAGCTTCAAGCTCTTCAACATCCAGGTCAAGGAGGTCACGCAGAACGAAGGCACCAAGACCATCGCCAACAACCTCACCAGCACCATCCAGGTGTTTACGGACTCGGAGTACCAGCTGCCGTACGTTCTCGGCTCTGCCCACCAGGGCTTGTCTGCCTCCGTTCCCGGCGGACGTCTTCATGGTTCCTCAGTACGGCTATTCAACTTCAAACAATGGAAGCCAAGCCCTGGGACGTTCCTCCCTTTTACTGCCTGGAATATTTCCCTTCTCAGATGCCGAGAACGGGCAACAACTTTACCTTCAGCTACACCTTCGAGGAAGTGCCTTTCCACAGCAGCTACGCGCACAGCCAGAGCCTGGACCGGCCGACGAATCCTCTCATCGACCAATACCTGTATTACCCGAACAGAACTCAAAATCAGTCCGGAAGTGCCCAAAAATCGGGAACTGCAGTTTTACCAGGGCGGGCCTTCAACTATGGCCGAACAAGCCAAGAATTGGTTACCTGGACCTTGCTTCCGGCAACAAAGAGTCTCCAAAACGCTGGATCAAAACAACAACAGCAACTTTGCTTGGACTGGTGCCACCAAATATCACCCGAACGGCAGAAACTCGTTGGTCAATCCCGGCGTCGCCATGGCAACTCACAAGGACGACGAGGACCGCTTTTTCCCATCCAGCGGAGTCCCGATTTTTGGAAAAACTGGAGCAACCAACAAAACTACATTGGAAAATGTGTCAACGACAAACGAAGAAGAAATTCGTCCTACCAATCCTGCAGCCACGGAAGAATACGGGACAGTCAGCAGCCAACCTCCAGAGAGGCAACAGACAAGCAGCTACCGCAGATGTCAACACACAAGGCGTTCTTCCAGGCATGGTCTGGCAGGACAGAGATGTGTACCTTCAGGGGCCCATCTGGGCAAAGATTCCACACACGGACGGACATTTTCACCCCTCTCCCCTCATGGGTGGATTCGGACTCAAACACCCTCCTCCACAGATTCTCAATCAAGAACACCCCGGTACCTGCGAATCCTTCGACCACCTTCAGTGCGGCAAAGTTTGCTTCCTTCATCACACAGTACTCCACGGGACAGGTCAGCGTGGAAAATCGAATGGGAGCTGCAGAAGGAAAACAGCAAGCGCTGGAACCCCGAGATCCAGTACACCTCCAACTACTACAAATCTACAAGTGTGGACTTTGCTGTCAATACAGAAGGCGTGTACTCCGAACCCCGCCCCATTGGCACCCGTTACCTCACCCGCAATCTGTAA
AAV.100223,91,1.25,22,2.13,1.7,ATGGCTGCCGATGGTTATCTTCCAGATTGGCTCGAGGACACTCTCTCCGAAGGAACAAGACAGTGGTGGAAGCTCAAACCTGGCCCACCACCACCAAAGCCCGCAGAGCGGCACAAGGACGACAGCAGGGGTCTTGTGCTTCCTGGGTACAAGTACCTCGGACCCTTCAACGGACTCGACAAGGGAGAGCCGGTCAACGAGGCAGACGCCGCGGCCCTCGAGCACGACAAAGCCTACGACCGGCAGCTCGACAGCGGAGACAACCCGTACCTCAAGTACAACCACGCCGACGCGGAGTTTCAGGAGCGCCTCAAAGAAGATACGTCTTTTGGGGGCAACCTCGGACGAGCAGTCTTCCAGGCGAAAAAGAGGGTTCTCGAACCTCTGGGCCTGGTCGAGGAACCTGTCAAGACGGCTCCGGGAAAAAAGAGGCCGGCAGAGCACTCTCCTGTGGAGCCAGACTCCTCCTCGGGAACCGGAAAGGCGGGCCAGCAGCCCTGCAAGAAAAAGATCGAATTTTGGTCAGACTGGAGACGCAGACTCAGTACCCGACCCCCAGCCTCTCGGACAGCCACCAGCAGCCCCCTCTGGTCTGGGAACCAATACGATGGCTACAGGCAGTGGCGCACCAATGGCAGACAACAACGAGGGCGCCGACGGAGTGGGCAATTCCTCGGGAAATTGGCATTGCGATTCCACATGGATGGGCGACAGAGTCATCACCACCAGCACCCGAACCTGGGCCCTGCCCACCTACAACAACCACCTCTACAAACAAATTTCCAGCCAATCAGGAGCCTCGAACGACAATCACTACTTTGGCTACAGCACCCCTTGGGGGTATTTCGACTTCAACAGATTCCACTGCCACTTTTCACCACGGCGACTGGCAGCGACTCATCAACAACAACTGGGGATTCCGGCCCAAGAAACTCAGCTTCAAGCTCTTCAACATCCAAGTCAGAGGGGTCACGCAGAACGATGGCACGACGACTATTGCCAACAACCTTACCAGCACGGTTCAAGTGTTTACGGACTCGGAGTATCAGCTCCCGTACGTGCTCGGGTCGGCGCACCAAGGCTGTCTCCCGCCGTTTCCAGCGGACGTCTTCATGGTCCCTCAGTATGGATACCTCACCCCGAACAACGGAAGTCAAGCGGTGGGACGCTCATCCCTTCTACTGCCTGGAGTACTTCCCCTCTCAGATGCCGAGAACGGGCAACAACTTCGAGTTCAGCTACAGCTTCGAGGACGTGCCTTTCCACAGCAGCTACGCACACAGCCAGAGCCTGGACCGGCCGACGAATCCCCTCATCGACCAGTACTTGTACTACCTGGCCAGAACACAGAGCAACCCAGGAGGCACAGCTGGCAATCGGGAACTGCAGTTTTACCAGGGCGGGCCTTCAACTATGGCCGAACAAGCCAAGAATTGGTTACCTGGACCTTGCTTCCGGCAACAAAGAGTCTCCAAAACGCTGGATCAAAACAACAACAGCAACTTTGCTTGGACTGGTGCCACCAAATATCACCCGAACGGCAGAAACTCGTTGGTCAATCCCGGCGTCGCCATGGCAACTCACAAGGACGACGAGGACCGCTTTTTCCCATCCAGCGGAGTCCCGATTTTTGGAAAAACTGGAGCAACCAACAAAACTACATTGGAAAATGTGTCAACGACAAACGAAGAAGAAATTCGTCCTACCAATCCTGCAGCCACGGAAGAATACGGGACAGTCAGCAGCAACTTACAAGCGGCCAATACTGCAGCCCAGACACAAGTTGTCAACAACCAGGGAGCCTTACCTGGCATGGTCTGGCAGAACCGGGACGTGTACCTGCAGGGGTCCCATCTGGGCCAAGATTCCTCACACGGACGGCAACTTCCACCCGTCTCCGCCGATGGGCGGCTTTGGCCCGAAACATCCTCCGCCTCAGATCCCGATCAAGAACACGCCTGTACCTGCGGATCCTCCGACCACCTTCAACCAGTCAAAGCCGAACTCTTTCATCACGCAATACAGCACCGGACAGGTCAGCGTGGAAATCGAATGGGAGCTGCAGAAGGAAAACAGCAAGCGCTGGAACCCCGAGATCCAGTACACCTCCAACTACTACAAATCTACAAGTGTGGACTTTGCTGTCAATACAGAAGGCGTGTACTCCGAACCCCGCCCCATTGGCACCCGTTACCTCACCCGCAATCTTAA
AAV.102835,38,0.52,9,0.87,1.67,ATGGCTGCCGATGGTTATCTTCCAGATTGGCTCGAGGACACTCTCTCCGAAGGAACAAGACAGTGGTGGAAGCTCAAACCTGGCCCACCACCACCAAAGCCCGCAGAGCGGCACAAGGACGACAGCAGGGGTCTTGTGCTTCCTGGGTACAAGTACCTCGGACCCTTCAACGGACTCGACAAGGGAGAGCCGGTCAACGAAGGCAGACGCCGCGGCCCTCGAGCACGACAAAGCCTACGACCGGCAGCTCGACAGCGGAGACAACCCGTACCTCAAGTACAACCACGCCGACGCGGAGTTTCCAGGAGCGGCTCAAAGAAGATACGTCTTTTGGGGGCAACCTCGGGCGAGCAGTCTTCCAGGCCAAAAAGAGGCTTCTCGAACCTCTTGGTCTGGTCGAGGAAGCGGCCAAGACGGCTCCTGGAAAGAAGAGGCCTGCAGAGCAGTCTCCTCAGGAACCGGACTCCTCCGCGGGTATTGGCAAATCGGGTGCACAGCCCGCCAAAAAGAGACTCAATTTCGGTCAGACTGGCGACACAGAGTCAGTCCCAGACCCTCAACCAATCGGAGAACCTCCCGCAGCCCCCTCAGGTGTGGGATCTCTTACAATGGCTTCAGGTGGTGGCGCACCAGTGGCAGACAACAACGAAGGTGCCGATGGAGTGGGCAGTTCCTCGGGAAATTGGCATTTGCGATTCCACATGGCTGGGCGACAGAGTCATTACCACCAGCACCCGAACCTGGGCCCTGCCCACCTACAACAACCACCTCTACAAGCAAATCTCCAGCGAAACTGCAGGCAGTACCAACGACAACACCTACTTCGGCTACAGCACCCCCTGGGGGTATTTCGACTTCAACAGATTCCACTGCCACTTCTCACCACGCGACTGGCAGCGACTCATCAACAACAACTGGGGATTCCGGCCCAAGAAGCTGCGGTTCAAGCTCTTCAACATCCAGGTCAAGGAGGTCACGACGAACGACGGCGTTACGACCATCGCCAACAACCTTACCAGCACGATTCAGGTATTCTCGGACTCGGAATACCAGCTGCCGTACGTCCTCGGCTCTGCGCACCAGGGCTGCCTGCCTCCGTTCCCGGCGGACGTCTTCACGATTCCTCAGTACGGCTACCCGACTCTCAACAATGGCAGTCAGTCTGTGGGACGTTCCTCCTTCTACTGCCTGGAGTACTTCCCCTCTCAGATGCCGAGAACGGGCAACAACTTCGAGTTCAGCTACAGCTTCGAGGACGTGCCTTTCCACAGCAGCTACGCACACAGCCAGAGCCTGGACCGGCCGACGAATCCCCTCATCGACCAGTACTTGTACTACCTGGCCAGAACACAGAGCAACCCAGGAGGCACAGCTGGCAAACAAACGCCAAAATTCAGTGTGGCCGGACCCAGCAACATGGCTGTCCAGGGAAGAAACTACATACCTGGACCCAGCTACCGACAACAACGTGTCTCAACCACTGCGACTCAAAACAACAACAGCGAATTTGCTTGGCCTGGAGCTTCTTCTTGGGCTCTCAATGGACGCAACAGCTCGACGAATCCTGGACCTGCTATGGCCAGCCACAAAGAAGGAGAGGACCGTTTCTTTCCTTTGTCTGGATCTTCAATTTTTGGCAAACAAGGAACTGGAAGAGACAACGTGGATGCGGACAAAGTCACGACAACCAACGAAGAAGAAATCAAAACTACCAACCCGGCAGCAACGGAGTCCTATGGACAAGTGGCCACAAACCACCAGAGTGCCCAAGCACAGGCGCAGACCGGCTGGGTTCAAAACCAAGGAATACTTCCGGGTATGGTTTGGCAGGACAGAGATGTGTACCTGCAAGGACCCATTTGGGCCAAAATTCCTCACACGGACGGCAACTTTCACCCTTCTCCGCCGATGGGAGGGTTTGGAACGAAGCACCCGCCTCCTCAGATCCTCAATCAAAAACACGCCTGTTCCTGCGAATCCTCCGGCAGAGTTTTCGGCTACAAAGTTTGCTTCATTCATCACCCAGTATTCCACAGGACAAGCGAGCGTGGAGATCGAATGGGAGCTGCAGAAAGAAAACAGCAAACGCTGGAATCCCGAAGTGCAGTATACATCCAACTATGCAAAATCTGCCAACGTCGATTTCACTGTGGACAACAATGGACTTTATACCGAGCCTCGCCCCATTGGCACCCGTTACCTCACCCGTCCCCTTAA
AAV.103541,52,0.72,12,1.16,1.61,ATGGCTGCCGATGGTTATCTTCCAGATTGGCTCGAGGACAACCTCAGCGAAGGAATTCGCGAGTGGTGGGCTTCGAAACCTGGAGCCCCTCAACCCAAGGCAAATCAACAACATCAAGACAACGCTCGAGGTCTTGTGCTTCCGGGTTACAAATACCTTGGACCCGGCAACGGACTCGACAAGGGGGAGCCGGTCAACGCAGCAGACGCGGCGGCCCTCGAGCACGACAAGGCCTACGACCAGCAGCTCAAGGCCGGAGACAACCCGTACCTCAAGTACAACCACGCCGACGCCGAGTTCCAGGAGCGGCTCAAAGAAGATACGTCTTTTGGGGGCAACCTCGGGCGAGCAGTCTTCCAGGCCAAAAAGAGGCTTCTCGAACCTCTTGGTCTGGTCGAGGAAGCGGCCAAGACGGCTCCTGGAAAGAAGAGGCCTGCAGAGCAGTCTCCTCAGGAACCGGACTCCTCCGCGGGTATTGGCAAATCGGGTGCACAGCCCGCCAAAAAGAGACTCAATTTCGGTCAGACTGGCGACACAGAGTCAGTCCCAGACCCTCAACCAATCGGAGAACCTCCCGCAGCCCCCTCCTGGTCTGGGAACCAATACGATGGCTACAGGCAGTGGCGCACCAATGGCAGACAACAACGAGGGCGCCGACGGAGTGGGCAATTCCTCGGGAAATTGGCATTGCGATTCCACATGGATGGGCGACAGAGTCATCACCACCAGCACCCGAACCTGGGCCCTGCCCACCTACAACAACCACCTCTACAAACAAATTTCCAGCCAATCAGGAGCCTCGAACGACAATCACTACTTTGGCTACAGCACCCCTTGGGGGTATTTCGACTTCAACAGATTCCACTGCCACTTTTCACCACGCGACTGGCAAAGACTCATCAACAACAACTGGGGATTCCGACCCAAGAGACTCAACTTCAAGCTCTTCAACATTCAAGTCAAAGAGGTCACGCAGAACGACCGGCGTTACGACCATCGCCAACAACCTTACCAGCACGATTCAGGTATTCTCGGACTCGGAATACCAGCTGCCGTACGTCCTCGGCTCTGCGCACCAGGGCTTGCCTCCCGCCGTTCCCAGCGGACGTTTTCACGATTCCTCAGTACGGGTATCCGACGCTCAACGATGGAAGCCAGGCCGTGGGTCGTTCGTCCTTTTACTGCCTGGAATATTTCCCGTCGCAAATGCCAAGAACGGGCAACAACTTCCAGTTCAGCTACGAGTTCGAGAACGTACCTTTCCACAGCAGCTACCGCTCACAGCCAGAGTCTGGACCGTCTCACGAATCCTCTCATCGACCAGTACCTGTATTACTCGAGCAGAACAAACACTCCAAGTGGAACCACCACGCAGTCAAGGCTTCAGTTTTCTCAGGCCGGAGCGAGCGACATTCGGGACCAGTCCAGGAACTGGCTTCCTGGACCCTGTTACCGCCAGCAGCGAGTATCAAAGACATCTGCGGACAACAACAACAGCGAATACTCGTGGACTGGAGCTACCAAGTACCACCTCAATGGCAGAGACTCTCTGGCGAATCCGGGCCCGGCCATGGCAAGCCACAAGGACGACGAAGAAAAGTTTTTTCCTCAGAGCGGGGTTCTCATCTTTGGGAAGCAAGGCTCAGGGAGCTTCAAACACTGCATTGGACAATGTCACGATCACAGACGAAGAGGAAATCAAAGCCACCAACCCCGTGGCCACCGAAAGATTTGGGACTGTGGCAGTCAATCTCCAGAGCAGCAGCACAGACCCTGCGACCGGAGATGTGCATGTTATGGGAGCCTTACCTGGAATGGTGTGGCAAGACAGAGACGTATACCTGCAGGGGTCCCATCTGGGCCAAGATTCCTCACACGGATGGCAACTTTCACCCGTCTCCTTCGATGGGCGGCTTTGGACTCAAACATCCGCCTCCTCAGATCCCGATCAAGAACACTCCCGTTCCCGCCAATCCTCCGGAGGTGTTTACTCCTGCCAAGTTTGCTTCGTTCATCACACAGTACAGCACCGGACAAGTCAGCGTGGAAATCGAGTGGGAGCTGCAGAAGGAAAACAGCAAGCGCTGGAACCCGGAGATTCAGTACACCTCCAACTTCGAAAAGCAGACTGGTGTGGACTTTGCCGTCGACAGCCAGGGTGTTTACTCCGAGCCTCGCCCTATTGGCACTCGTTACCTCACCCGCAATCTGTAA
AAV.105533,40,0.55,9,0.87,1.58,ATGGCTGCCGATGGTTATCTTCCAGATTGGCTCGAGGACAACCTCTCCGAGGGCATTCGCGAGTGGTGGGACTCGAAACCTGGAGCCCCGAAACCCAAAGCCAACCAGCAAAAGCAGGACGACGGCCGGGGTCTGGTGCTTCCTGGCTACAAGTACCTCGGACCCTTCAACGGACTCGACAAGGGGGAGCCCGTCAACGCGGCGGACGCAGCGGCCCTCGAGCACGACAAAGCCTACGACCAGCAGCTCAAAGCGGGCGACAATCCGTACCTGCGGTACAATCACGCCGACGCCGAGTTTCAGGAGCGTCTGCAAGAAGATACGTCTTTTGGGGGCAACCTCGGGCGAGCAGTCTTCCAGGCCAAGAAGCGGGTTCTCGAACCTCTCGGTCTGGTCGAGGAAGGCGCCAAGACGGCTCCTGGAAAGAAGAGACCGGCAGAGCAGTCGCCACAAGAGCCAGACTCCTCCTCGGGCATCGGCAAGACAGGCCAGCAGCCCGCCAAAAAGAGACTCAATTTTGGTCAGACTGGCGACTCAGAGTCAGTCCCCGACCCACAACCTCTCGGAGAACCTCCAGCAGCCCCCTCCTGGTCTGGGAACCAATACGATGGCTACAGGCAGTGGCGCACCAATGGCAGACAACAACGAGGGCGCCGACGGAGTGGGCAATTCCTCGGGAAATTGGCATTGCGATTCCACATGGATGGGCGACAGAGTCATCACCACCAGCACCCGAACCTGGGCCCTGCCCACCTACAACAACCACCTCTACAAACAAATTTCCAGCCCAATCAGGAGCCTCGAACGACAATCACTACTTTGGCTACAGCACCCCTTGGGGGTATTTCGACTTCAACAGATTCCACTGCCACTTTTCACCACGCGACTGGCAAAGACTCATCAACAACAACTGGGGATTCCGACCCAAGAGACTCAACTTCAAGCTCTTCAACATTCAAGTCAAAGAGGTCACGCAGAACGACGGTACGACGACGATTGCCAACAACCTTACCAGCACGGTTCAGGTGTTTACCGACTCGGAGTACCAGCTCCCGTACGTCCTCGGCTCGGCGCATCAAGGATGCCTCCCGCCGTTCCCAGCAGACGTCTTCATGGTGCCACAGTATGGATACCTCACCCCGAACAACGGGAGTCAGGCAGCAGGACGCTCTTCATTTTACTGCCTGGAGTACTTTCCTTCTCAGATGCTGCGTACCGGAAACAACTTTACCTTCAGCTACACTTTCGAGGACGTTCCTTTCCACAGCAGCTACCGCCCACAGCCAGAGCTTGGACCGGCCGACGAATCCTCCGATCGACCAGTACCTGTACTACTTGTCTCGGACTCAAACAACAGGAGGCACGGCAAATACGCAGACTCTGGGCTTCAGCCAAGGTGGGCCCAATACAATGGCCAATCAGGCAAAGAACTGGCTGCCAGGACCCTGTTACCGCCAACAACGCGTCTCAACGACAACCGGGCAAAACAACAACAGCAACTTTGCCTGGACTGCTGGGACCAAATACCATCCGAATGGAAGAAATTCATTGGCCAATCCTGGCATCGCTATGGCAACACACAAAGACGACGAGGAGCGTTTTTTTCCCAGCAACGGGATCCCGATTTTTGGCAAACAAAATGCTGGGAAGAGACAACGTGGATGCGGACAAAGTCACGACAACCAACGAAGAAGAAATCAAAACTACCAACCCGGCAGCAACGGAGTCCTATGGACAAGTGGCCACAAACCACCAGAGTGCCCAAGCACAGGCGCAGACCGGCTGGGTTCAAAACCAAGGAATACTTCCGGGTATGGTTTGGCAGGACAGAGATGTGTACCTGCAAGGACCCATTTGGGCCAAAATTCCTCACACGGACGGCAACTTTCACCCTTCTCCGCCGATGGGAGGGTTTGGAACGAAGCACCCGCCTCCTCAGATCCTCATCAAAAACACACCTGTACCTGCGGATCCTCCAACGGCCTTCAACAAGGACAAGCCGAACTCTTTCATCACCCAGTATTCTACTGGCCAAGTCAGCGTGGAAAATCGAGTGGGAGCTGCAGAAAGAAAACAGCAAACGCTGGAATCCAGAGATTCAATACACTTCCAACTACTACAAATCTACAAATGTGGACTTTGCTGTCAACACGGAGGGGGTTTACAGCGAGCCTCGCCCCATTGGCACCCGTTACCTCACCCGCAACCTAA
AAV.106795,50,0.69,11,1.07,1.55,ATGGCTGCCGATGGTTATCTTCCAGATTGGCTCGAGGACAACCTCTCCGAGGGCATTCGCGAGTGGTGGGACCCGAAACCTGGAGCCCCGAAACCCAAAGCCAACCAGCAAAAGCAGGACAACGGCCGGGGTCTGGTGCTTCCTGGCTACAAGTACCTCGGACCCTTCAACGGACTCGACAAGGGGGAGCCCGTCAACGCGGCGGACGCAGCGGCCCTCGAGCACGACAAGGCCTACGACCAGCAGCTCAAAGCGGGCGACAATCCGTACCTGCGGTACAACCACGCCGACGCCGAGTTTCCAGGAGCGGCTCAAAGAAGATACGTCTTTTGGGGGCAACCTCGGGCGAGCAGTCTTCCAGGCCAAAAAGAGGCTTCTCGAACCTCTTGGTCTGGTCGAGGGAAGGTGCCAAGACGGCTCCTGGAAAGAAACGTCCGGCAGAGCAGTCGCCACAAGAGCCAGACTCCTCCTCGGGCATTGGCAAGACAGGCCAGCAGCCCGCCAAAAAGAGACTCAATTTTGGTCAGACTGGCGACTCAGAGTCAGTCCCCGACCCACAACCTCTCGGAGAACCTCCAGCAACCCCCGCTGCTGTGGGACCTACTACAATGGCTTCAGGCGGTGGCGCACCAATGGCAGACAACAACGAAGGCGCCGACGGAGTGGGCAATGCCTCAGGAAATTGGCATTGCGATTCCACATGGCTGGGCGACAGAGTCATCACCACCAGCACCCGAACATGGGCCTTGCCCACCTACAACAACCACCTCTACAAGCAAATCTCCAGTGCTTCAACGGGGGCCAGCAACGACAACCACTACTTCGGCTACAGCACCCCCTGGGGGTATTTCGATTTCAACAGATTCCACTGCCATTTCTCACCACGCGACTGGCAGCGACTCATCAACAACAATTGGGGATTCCGGCCCAAGAGACTCAACTTCAAGCTCTTCAACATCCAAGTCAAGGAGGTCACGACGAACGATCGGTACGACGACGATTGCCAACAACCTTACCAGCACGGTTCAGGTGTTTACCGACTCGGAGTACCAGCTCCCGTACGTCCTCGGCTCGGCGCATCAAGGATGCCTCCCGCCGTTCCCAGCAGACGTCTTCATGGTGCCACAGTATGGATACCTCACCCCGAACAACGGGAGTCAGGCAGCAGGACGCTCTTCCCTTTTACTGCCTGGAATATTTCCCATCGCAGATGCCGAGAACGGGCAACAACTTTACCTTCAGCTACACCTTCGAGGACGTGCCTTTCCACAGCAGCTACGCGCACAGCCAGAGCCTGGACCGGCCGACGAATCCTCTCATCGACCAGTACCTGTATTACCCGAACAGAACTCAGAATCAGTCCGGAAGTGCCCAAAACGCAGACTCTGGGCTTCAGCCAAGGTGGGCCCAATACAATGGCCAATCAGGCAAAGAACTGGCTGCCAGGACCCTGTTACCGCCAACAACGCGTCTCAACGACAACCGGGCAAAACAACAACAGCAACTTTGCCTGGACTGCTGGGACCAAATACCATCCGAATGGAAGAAATTCATTGGCCAATCCTGGCATCGCTATGGCAACACACAAAGACGACGAGGAGCGTTTTTTTCCCAGCAACGGGATCCCGATTTTTGGCAAACAAAATGCTGCCAGAGACAATGCGGATTACAGCGATGTCATGCTCACCAGCGAGGAAGAAATCAAAACCACCAACCCTGTGGCTACAGAGGAATACGGTATCGTGGCAGACCAACCTCCAGAGAGGCAACAGACAAGCAGCTACCGCAGATGTCAACACACAAGGCGTTCTTCCAGGCATGGTCTGGCAGGACAGAGATGTGTACCTTCAGGGGTCCTATTTGGGCCAAAATTCCTCACACGGATGGACACTTTCACCCGTCTCCTCTCATGGGCGGCTTTGGACTCAAGCACCCGCCTCCTCAGATCCTCATCAAAAACACGCCTGTTCCTGCGAATCCTCCGGCAGAGTTTTCGGCTACAAAGTTTGCTTCATTCATCACCCAGTATTCCACAGGACAAGCGAGCGTGGAGATCGAATGGGAGCTGCAGAAAGAAAACAGCAAACGCTGGAATCCCGAAGTGCAGTATACATCCAACTATGCAAAATCTGCCAACGTCGATTTCACTGTGGACAACAATGGACTTTATACCGAGCCTCGCCCCATTGGCACCCGTTACCTCACCCGTCCCCTTAA
AAV.101792,77,1.06,14,1.36,1.28,ATGGCTGCCGATGGTTATCTTCCAGATTGGCTCGAGGACAACCTCTCCGAGGGCATTCGCGAGTGGTGGGACTCGAAACCTGGAGCCCCGAAACCCAAAGCCAACCAGCAAAAGCAGGACGACGGCCGGGGTCTGGTGCTTCCTGGCTACAAGTACCTCGGACCCTTCAACGGACTCGACAAGGGGGAGCCCGTCAACGCCGGCGGACGCAGCGGCCCTCGAGCACGACAAAGCCTACGACCAGCAGCTCAAAGCGGGCGACAATCCGTACCTGCGGTACAATCACGCCGACGCCGAGTTTCAGGAGCGTCTGCAAGAAGATACGTCTTTTGGGGGCAACCTCGGGCGAGCAGTCTTCCAGGCCAAGAAGCGGGTTCTCGAACCTCTCGGTCTGGTCGAGGAAGGCGCCAAGACGGCTCCTGGAAAGAAGAGACCGGCAGAGCAGTCGCCACAAGAGCCAGACTCCTCCTCGGGCATCGGCAAGACAGGCCAGCAGCCCGCCAAAAAGAGACTCAATTTTGGTCAGACTGGCGACTCAGAGTCAGTCCCCGACCCACAACCTCTCGGAGAACCTCCAGCAGCCCCCTCCTGGTCTGGGAACCAATACGATGGCTACAGGCAGTGGCGCACCAATGGCAGACAACAACGAGGGCGCCGACGGAGTGGGCAATTCCTCGGGAAATTGGCATTGCGATTCCACATGGATGGGCGACAGAGTCATCACCACCAGCACCCGAACCTGGGCCCTGCCCACCTACAACAACCACCTCTACAAACAAATTTCCAGCCAATCAGGAGCCTCGAACGACAATCACTACTTTGGCTACAGCACCCCTTGGGGGTATTTCGACTTCAACAGATTCCACTGCCACTTTTCACCACGGCGACTGGCAGCGACTCATCAACAACAACTGGGGATTCCGGCCCAAGCGACTCAACTTCAAGCTCTTCAACATTCAGGTCAAAGAGGTTACGGACAACAATTGGCACGACGACTATTGCCAACAACCTTACCAGCACGGTTCAAGTGTTTACGGACTCGGAGTATCAGCTCCCGTACGTGCTCGGGTCGGCGCACCAAGGCTTGCCTGCCTCCGTTCCCGGCGGACGTCTTCACGATTCCTCAGTACGGCTACCCGACTCTCAACAATGGCAGTCAGTCTGTGGGACGTTCCTCCTTCTACTGCCTGGAGTACTTCCCCTCTCAGATGCCGAGAACGGGCAACAACTTCGAGTTCAGCTACAGCTTCGAGGACGTGCCTTTCCACAGCAGCTACGCACACAGCCAGAGCCTGGACCGGCCGACGAATCCCCTCATCGACCAGTACTTGTACTACCTGGCCAGAACACAGAGCAACCCAGGAGGCACAGCTGGCAATCGGGAACTGCAGTTTTACCAGGGCGGGCCTTCAACTATGGCCGAACAAGCCAAGAATTGGTTACCTGGACCTTGCTTCCGGCAACAAAGAGTCTCCAATGGGCTCCGGGGTCAACCGCGCCAGTGTCAGCGCCTTCGCCACGACCAACAGGATGGAGCTCGAGGGCGCGAGTTACCAGGTGCCCCCGCAGCCGAACGGCACGACCAACAACCTCCAGGGCAGCAACACCTATGCCCTGGAGAACACTACGATCTTCAACAGCCAGCCGGCGAACCCGGGCACCACCGCCACGTACCTCGAGGGCAACATGCTCATCACCAGCGAGAGCGAGACGCAGCCGGCGAACCGCGTGGCGTACAACGTCGGCGGGCAGATGGCCACTCAATCTCCAGAGCAGCAGCACAGACCCTGCGACCGGAGATGTGCATGTTATGGGAGCCTTACCTGGAATGGTGTGGCAAGACAGAGACGTATACCTGCAGGGTCCTATTTGGGCCAAAATTCCTCACACGGATGGACACTTTCACCCGTCTCCTCTCATGGGCGGCTTTGGACTCAAGCACCCGCCTCCTCAGATCCTCATCAAAAACACGCCTGTTCCTGCGAATCCTCCGGCAGAGTTTTCGGCTACAAAGTTTGCTTCATTCATCACCCAGTATTCCACAGGACAAGCGAGCGTGGAGATCGAATGGGAGCTGCAGAAAGAAAACAGCAAACGCTGGAATCCCGAAGTGCAGTATACATCCAACTATGCAAAATCTGCCAACGTCGATTTCACTGTGGACAACAATGGACTTTATACCGAGCCTCGCCCCATTGGCACCCGTTACCTCACCCGTCCCCTTAA
AAV.104671,154,2.12,27,2.62,1.24,ATGGCTGCCGATGGTTATCTTCCAGATTGGCTCGAGGACAACCTCTCCGAGGGCATTCGCGAGTGGTGGGACTCGAAACCTGGAGCCCCGAAACCCAAAGCCAACCAGCAAAAGCAGGACGACGGCCGGGGTCTGGTGCTTCCTGGCTACAAGTACCTCGGACCCTTCAACGGACTCGACAAGGGGGAGCCCGTCAACGCCGGCGGACGCAGCGGCCCTCGAGCACGACAAAGCCTACGACCAGCAGCTCAAAGCGGGCGACAATCCGTACCTGCGGTACAATCACGCCGACGCCGAGTTTCAGGAGCGTCTGCAAGAAGATACGTCTTTTGGGGGCAACCTCGGGCGAGCAGTCTTCCAGGCCAAGAAGCGGGTTCTCGAACCTCTCGGTCTGGTCGAGGAAGGCGCCAAGACGGCTCCTGGAAAGAAGAGACCGGCAGAGCAGTCGCCACAAGAGCCAGACTCCTCCTCGGGCATCGGCAAGACAGGCCAGCAGCCCCGCCAGAAAGAGACTCAATTTCGGTCAGACTGGCGACTCAGAGTCAGTCCCCGACCCTCAACCTCTCGGAGAACCTCCAGCAGCGCCCTCCAGTGTGGGATCTGGTACAGTGGCTGCAGGCGGTGGCGCACCAATGGCAGACAACAACGAAGGTGCCGACGGAGTGGGCAATGCCTCAGGAAATTGGCATTGCGATTCCACATGGCTGGGCGACAGAGTCATTACCACCAGCACCCGAACCTGGGCCCTGCCCACCTACAACAACCACCTCTACAAGCAAATCTCCAGCGAAACTGCAGGCAGTACCAACGACAACACCTACTTCGGCTACAGCACCCCCTGGGGGTATTTCGACTTCAACAGATTCCACTGCCACTTCTCACCACGCGACTGGCAGCGACTCATCAACAACAACTGGGGATTCCGGCCCAAGAAGCTGCGGTTCAAGCTCTTCAACATCCAGGTCAAGGAGGTCACGACGAACGACTGGCGTCACGACCATCGCCAACAACCTTACCAGCACGGTTCAAGTCTTCTCGGACTCGGAGTACCAGTTGCCGTACGTCCTCGGCTCTGCGCACCAGGGCTGCCTCCCTCCGTTCCCGGCGGACGTGTTCACGATTCCGCAGTACGGCTACCCAACGCTCAACAATGGCAGCCAGGCAGTGGGACGGTCATCCTTTTACTGCCTGGAATATTTCCCATCGCAGATGCCGAGAACGGGCAACAACTTTACCTTCAGCTACACCTTCGAGGACGTGCCTTTCCACAGCAGCTACGCGCACAGCCAGAGCCTGGACCGGCCGACGAATCCTCTCATCGACCAGTACCTGTATTACCCGAACAGAACTCAGAATCAGTCCGGAAGTGCCCAAAACAAGGACTTGCTGTTCAGCCGGGGGTCTCCAGCTGGCATGTCTGTTCAGCCCAAAAACTGGCTACCTGGACCCTGTTACCGGCAGCAGCGCGTTTCCAAAGACATCTGCGGACAACAACAACAGCGAATACTCGTGGACTGGAGCTACCAAGTACCACCTCAATGGCAGAGACTCTCTGGCGAATCCGGGCCCGGCCATGGCAAGCCACAAGGACGACGAAGAAAAGTTTTTTCCTCAGAGCGGGGTTCTCATCTTTGGGAAGCAAGGCTCAGGGGAACGATGGAGTGGATTACAGCCAAGTGCCGATTACAGACGAGGAAGAAATCAAGGCTACCAACCCCGTGGCCACAGAAGAATATGGAGCAGTGGCCATCAACAACCAGGCCGCCAATACGCAGGCGCAGACCGGACTCGTGCACAACCAGGGGGCGATTCCCGGCATGGTGTGGCAGAACAGAGACGTGTACCTGCAGGGTCCCATCTGGGCCAAAATTCCTCACACGGACGGCAACTTTCACCCGTCTCCCCCGATGGGCGGCTTTGGACCGAAGCACCCGCCTCCTCAAATTCTCATCAAGAACACACCGGTTCCAGCGGACCCGCCGCTTACCTTCAACCAGGCCAAGCCGAACTCTTTCATCACGCAGTACAGCACCGGACAGGTCAGCGTGGAAATCGAGTGGGAGCTGCAGAAAGAAAACAGCAAACGCTGGAATCCAGAGATTCAATACACTTCCAACTACTACAAATCTACAAATGTGGACTTTGCTGTCAACACGGAGGGGGTTTACAGCGAGCCTCGCCCCATTGGCACCCGTTACCTCACCCGCAACCTAA
AAV.105060,77,1.06,13,1.26,1.19,ATGGCTGCCGATGGTTATCTTCCAGATTGGCTCGAGGACAACCTCTCCGAGGGCATTCGCGAGTGGTGGGACTCGAAACCTGGAGCCCCGAAACCCAAAGCCAACCAGCAAAAGCAGGACGACGGCCGGGGTCTGGTGCTTCCTGGCTACAAGTACCTCGGACCCTTCAACGGACTCGACAAGGGGGAGCCCGTCAACGCCGGCGGACGCAGCGGCCCTCGAGCACGACAAAGCCTACGACCAGCAGCTCAAAGCGGGCGACAATCCGTACCTGCGGTACAATCACGCCGACGCCGAGTTTCAGGAGCGTCTGCAAGAAGATACGTCTTTTGGGGGCAACCTCGGGCGAGCAGTCTTCCAGGCCAAGAAGCGGGTTCTCGAACCTCTCGGTCTGGTCGAGGAAGGCGCCAAGACGGCTCCTGGAAAGAAGAGACCGGCAGAGCAGTCGCCACAAGAGCCAGACTCCTCCTCGGGCATCGGCAAGACAGGCCAGCAGCCCGCCAAAAAGAGACTCAATTTTGGTCAGACTGGCGACTCAGAGTCAGTCCCCGACCCACAACCTCTCGGAGAACCTCCAGCAGCCCCCTCAGGTCTGGGACCCAATACAATGGCTTCAGGCGGTGGCGCTCCAATGGCAGACAACAACGAAGGCGCCGACGGAGTGGGCAATTCCTCGGGAAATTGGCATTTGCGATTCCCAATGGCTGGGGGACAGAGTCATCACCACCAGCACCCGAACCTGGGCCCTGCCCACCTACAACAATCACCTCTACAAGCAAATCTCCAACAGCACATCTGGAGGATCTTCAAACGACAACGCCTACTTCGGCTACAGCACCCCCTGGGGGTATTTCGACTTCAACAGATTCCACTGCCACTTCTCACCACGCGACTGGCAGCGACTCATCAACAACAACTGGGGATTCCGGCCCAAGCGACTCAACTTCAAGCTCTTCAACATTCAGGTCAAAGAGGTTACGGACAACAATCGGCGTTACGACCATCGCCAACAACCTTACCAGCACGATTCAGGTATTCTCGGACTCGGAATACCAGCTGCCGTACGTCCTCGGCTCTGCGCACCAGGGCTTGCCTCCCTCCGTTCCCGGCGGACGTGTTCACGATTCCGCAATACGGCTACCCGACGCTCAACAATGGCAGCCAAGCCGTGGGACGTTCATCCTTTTACTGCCTGGAATATTTCCCTTCTCAGATGCCGAGAACGGGCAACAACTTTACCTTCAGCTACACCTTCGAGGAAGTGCCTTTCCACAGCAGCTACGCGCACAGCCAGAGCCTGGACCGGCCGACGAATCCTCTCATCGACCAATACCTGTATTACCCGAACAGAACTCAAAATCAGTCCGGAAGTGCCCAAAACAAGGACTTGCTGTTCAGCCGTGGGTCTCCAGCTGGCATGTCTGTTCAGCCCAAAAACTGGCTACCTGGACCCTGTTATCGGCAGCAGCGCGTTTCCAAAACAAAAACAGACAACAACAACAGCAATTTTACCTGGACTGGTGCTTCAAAATACAACCTCAATGGGCGCGAATCCATCGGCGAATCCGGGCCCGGCCATGGCAAGCCACAAGGACGACGAAGAAAAGTTTTTTCCTCAGAGCGGGGTTCTCATCTTTGGGAAGCAAGGCTCAGACCAACAAAACTACATTGGAAAATGTGTCAACGACAAACGAAGAAGAAATTCGTCCTACCAATCCTGCAGCCACGGAAGAATACGGGACAGTCAGCAGCAACTTACAAGCGGCCAATACTGCAGCCCAGACACAAGTTGTCAACAACCAGGGAGCCTTACCTGGCATGGTCTGGCAGAACCGGGACGTGTACCTGCAGGGTCCCATCTGGGCCAAGATTCCTCACACGGATGGCAACTTTCACCCGTCTCCTTCGATGGGCGGCTTTGGACTCAAACATCCGCCTCCTCAGATCCCGATCAAGAACACTCCCGTTCCCGCCAATCCTCCGGAGGTGTTTACTCCTGCCAAGTTTGCTTCGTTCATCACACAGTACAGCACCGGACAAGTCAGCGTGGAAATCGAGTGGGAGCTGCAGAAGGAAAACAGCAAGCGCTGGAACCCGGAGATTCAGTACACCTCCAACTTCGAAAAGCAGACTGGTGTGGACTTTGCCGTCGACAGCCAGGGTGTTTACTCCGAGCCTCGCCCTATTGGCACTCGTTACCTCACCCGCAATCTGTAA
